,CNPJ_CIA,DENOM_CIA,ticker,SETOR_ATIV,is_financeiro,DT_FIM_EXERC,DT_INI_EXERC,meses_periodo,receita,receita_anualizada,ebit,ebit_anualizado,d_a,d_a_anualizado,ebitda,nopat,ll,ll_anualizado,disponibilidades,divida_bruta,divida_liquida,pl,capital_investido,qt_acoes,roic,rank_roic,market_cap,ev,ev_ebit,preco,roe,margem_liquida,p_l,dl_ebitda,lpa,vpa,preco_graham,margem_seguranca,cagr_lucro,cagr_receita,selic,flag_prejuizo,flag_pl_alto,flag_alavancagem,flag_cagr_neg,flag_margem_baixa,flag_roe_baixo
847,42.771.949/0001-35,ALLIANÇA SAÚDE E PARTICIPAÇÕES S.A.,AALR3,Serviços Médicos,False,2021-12-31,2021-01-01,12.0,1136572000.0,1136572000.0,88174000.0,88174000.0,224140000.0,224140000.0,312314000.0,71372114.00651465,1988000.0,1988000.0,127310000.0,777986000.0,650676000.0,1209434000.0,1860110000.0,118292816.0,0.0383698351207803,304.0,1951831464.0,2602507464.0,29.515588087191237,16.5,0.0016437440984791232,0.0017491192814885462,981.8065714285714,2.083403241609406,0.01680575429026899,10.224069735561963,1.9662202536859066,-7.391735345553911,-0.4139908983624533,0.03619232377929538,0.0925,False,True,False,True,True,True
1921,42.771.949/0001-35,ALLIANÇA SAÚDE E PARTICIPAÇÕES S.A.,AALR3,Serviços Médicos,False,2021-03-31,2021-01-01,3.0,285180000.0,1140720000.0,32910000.0,131640000.0,161734000.0,646936000.0,778576000.0,108295528.8556234,12530000.0,50120000.0,228654000.0,791650000.0,562996000.0,1236367000.0,1799363000.0,118292816.0,0.0601854816708042,260.0,1045708511.4900513,1608704511.4900513,12.22048398275639,8.84000015258789,0.040538125006571675,0.04393716249386352,20.864096398444758,0.7231098826575697,0.42369436872649985,10.451750510360663,9.98187488791149,0.11439481541753863,,0.058291529048668966,0.0275,False,True,False,False,True,False
1944,42.771.949/0001-35,ALLIANÇA SAÚDE E PARTICIPAÇÕES S.A.,AALR3,Serviços Médicos,False,2021-09-30,2021-01-01,9.0,866869000.0,1155825333.3333333,106943000.0,142590666.66666666,216938000.0,289250666.6666666,431841333.33333325,102880820.4485545,33393000.0,44524000.0,152402000.0,767534000.0,615132000.0,1240060000.0,1855192000.0,118292816.0,0.0554556188516091,266.0,1750733699.362564,2365865699.362564,16.592009523969995,14.800000190734863,0.03590471428801832,0.038521391352095875,39.32112342472743,1.424439840558724,0.3763880301911149,10.482969650498472,9.422178447118696,-0.5707620348944575,,0.058291529048668966,0.0625,False,True,False,False,True,True
2332,42.771.949/0001-35,ALLIANÇA SAÚDE E PARTICIPAÇÕES S.A.,AALR3,Serviços Médicos,False,2021-06-30,2021-01-01,6.0,568392000.0,1136784000.0,66536000.0,133072000.0,149583000.0,299166000.0,432238000.0,106843200.84875008,24217000.0,48434000.0,217478000.0,786181000.0,568703000.0,1243390000.0,1812093000.0,118292816.0,0.0589612127240434,259.0,1199489194.8526154,1768192194.8526154,13.287484931861062,10.140000343322754,0.0389531844393151,0.042606159129614775,24.765437396304566,1.3157172668761192,0.4094416012549739,10.511120134294545,9.840377117890426,-0.030448347847115892,,0.058291529048668966,0.0425,False,True,False,False,True,False
3705,42.771.949/0001-35,ALLIANÇA SAÚDE E PARTICIPAÇÕES S.A.,AALR3,Serviços Médicos,False,2022-03-31,2022-01-01,3.0,275157000.0,1100628000.0,9932000.0,39728000.0,119805000.0,479220000.0,518948000.0,23330098.91220834,-14522000.0,-58088000.0,81625000.0,761559000.0,679934000.0,1193943000.0,1873877000.0,118292816.0,0.0124501762454036,338.0,2296063540.5099487,2975997540.5099487,74.90932190168014,19.40999984741211,-0.048652238842222785,-0.052777141777239904,,1.3102160524753925,-0.49105264346737676,10.093115037518423,,,-0.4139908983624533,0.03619232377929538,0.1175,False,False,False,True,True,True
3732,42.771.949/0001-35,ALLIANÇA SAÚDE E PARTICIPAÇÕES S.A.,AALR3,Serviços Médicos,False,2022-06-30,2022-01-01,6.0,541674000.0,1083348000.0,28081000.0,56162000.0,168596000.0,337192000.0,393354000.0,29360009.80558621,-24631000.0,-49262000.0,240190000.0,808798000.0,568608000.0,1174447000.0,1743055000.0,118292816.0,0.0168439950578646,335.0,2435649099.4900513,3004257099.4900513,53.49270146166538,20.59000015258789,-0.041944847234485674,-0.04547199976369551,,1.4455376073460546,-0.4164411810096735,9.928303676530957,,,-0.4139908983624533,0.03619232377929538,0.1325,True,False,False,True,True,True
3757,42.771.949/0001-35,ALLIANÇA SAÚDE E PARTICIPAÇÕES S.A.,AALR3,Serviços Médicos,False,2022-09-30,2022-01-01,9.0,822429000.0,1096572000.0,15024000.0,20032000.0,253327000.0,337769333.3333333,357801333.3333333,17032951.599671863,-97431000.0,-129908000.0,247829000.0,910160000.0,662331000.0,1103434000.0,1765765000.0,118292816.0,0.0096462165688366,365.0,2506624834.2151794,3168955834.2151794,158.19468022240312,21.190000534057617,-0.11773064814026031,-0.1184673692197138,,1.8511138397099323,-1.0981901047989253,9.327988269380619,,,-0.4139908983624533,0.03619232377929538,0.1375,True,False,False,True,True,True
3881,42.771.949/0001-35,ALLIANÇA SAÚDE E PARTICIPAÇÕES S.A.,AALR3,Serviços Médicos,False,2025-06-30,2025-01-01,6.0,610630000.0,1221260000.0,53310000.0,106620000.0,283565000.0,567130000.0,673750000.0,84571199.94185624,-32741000.0,-65482000.0,116421000.0,438469000.0,322048000.0,1091702000.0,1413750000.0,152359482.0,0.0598204774124535,271.0,746561476.3301325,1068609476.3301325,10.02259872753829,4.900000095367432,-0.05998157006215982,-0.053618394117550726,,0.47799332096474956,-0.4297861816043717,7.16530396184991,,,,0.02553037730396479,0.15,False,False,False,False,True,True
3902,42.771.949/0001-35,ALLIANÇA SAÚDE E PARTICIPAÇÕES S.A.,AALR3,Serviços Médicos,False,2023-06-30,2023-01-01,6.0,589066000.0,1178132000.0,47773000.0,95546000.0,30178000.0,60356000.0,155902000.0,79818979.48825127,-83940000.0,-167880000.0,95520000.0,991145000.0,895625000.0,894937000.0,1790562000.0,118292816.0,0.0445776127764641,289.0,2856771461.274872,3752396461.274872,39.27319261167262,24.149999618530273,-0.187588623556742,-0.14249676606696024,,5.744794806994137,-1.419190156061548,7.565438293395602,,,,0.0013200392553740503,0.1375,False,False,True,False,True,True
3925,42.771.949/0001-35,ALLIANÇA SAÚDE E PARTICIPAÇÕES S.A.,AALR3,Serviços Médicos,False,2023-12-31,2023-01-01,12.0,1179584000.0,1179584000.0,38901000.0,38901000.0,304102000.0,304102000.0,343003000.0,35776139.00752791,-218559000.0,-218559000.0,218595000.0,1045282000.0,826687000.0,943992000.0,1770679000.0,118292816.0,0.0202047570494301,358.0,999574272.6374359,1826261272.637436,46.946383708322045,8.449999809265137,-0.23152632649429233,-0.18528481227280125,,2.410145100771713,-1.847610086482344,7.980129579466601,,,,0.018378559806664807,0.1175,True,False,False,False,True,True
3946,42.771.949/0001-35,ALLIANÇA SAÚDE E PARTICIPAÇÕES S.A.,AALR3,Serviços Médicos,False,2023-03-31,2023-01-01,3.0,289650000.0,1158600000.0,24951000.0,99804000.0,27780000.0,111120000.0,210924000.0,80888486.76994132,-33693000.0,-134772000.0,154614000.0,1014839000.0,860225000.0,939748000.0,1799973000.0,118292816.0,0.0449387222863572,286.0,2702990890.725128,3563215890.725128,35.70213509203166,22.850000381469727,-0.14341291495166789,-0.11632314862765407,,4.078364719045723,-1.1393084090584165,7.944252506424397,,,,0.0013200392553740503,0.1375,True,False,True,False,True,True
3994,42.771.949/0001-35,ALLIANÇA SAÚDE E PARTICIPAÇÕES S.A.,AALR3,Serviços Médicos,False,2024-03-31,2024-01-01,3.0,280709000.0,1122836000.0,4031000.0,16124000.0,207615000.0,830460000.0,846584000.0,14311358.312735336,-76845000.0,-307380000.0,97788000.0,867741000.0,769953000.0,997400000.0,1767353000.0,118292816.0,0.00809762300612,366.0,1206586700.637436,1976539700.637436,122.58370755627858,10.199999809265137,-0.308181271305394,-0.27375324624433134,,0.9094821069143759,-2.5984671799511476,8.431619380842198,,,,0.018378559806664807,0.1075,True,False,False,False,True,True
4007,42.771.949/0001-35,ALLIANÇA SAÚDE E PARTICIPAÇÕES S.A.,AALR3,Serviços Médicos,False,2025-03-31,2025-01-01,3.0,307063000.0,1228252000.0,21407000.0,85628000.0,66294000.0,265176000.0,350804000.0,74883453.21842398,-21208000.0,-84832000.0,122270000.0,665554000.0,543284000.0,1114915000.0,1658199000.0,152359482.0,0.0451595093341776,290.0,889779398.128212,1433063398.128212,16.73592047143705,5.840000152587891,-0.07608831166501483,-0.0690672598131328,,1.5486824551601464,-0.5567884511447735,7.317660741324914,,,,0.02553037730396479,0.1425,True,False,False,False,True,True
4034,42.771.949/0001-35,ALLIANÇA SAÚDE E PARTICIPAÇÕES S.A.,AALR3,Serviços Médicos,False,2024-06-30,2024-01-01,6.0,598445000.0,1196890000.0,47946000.0,95892000.0,252829000.0,505658000.0,601550000.0,84219095.72223745,-73686000.0,-147372000.0,254478000.0,841166000.0,586688000.0,1119655000.0,1706343000.0,118292816.0,0.0493564867803468,300.0,1329611224.764923,1916299224.764923,19.98393218167233,11.239999771118164,-0.13162268734565558,-0.12312910960907017,,0.975293824287258,-1.2458237531516707,9.465114094502578,,,,0.018378559806664807,0.105,True,False,False,False,True,True
4045,42.771.949/0001-35,ALLIANÇA SAÚDE E PARTICIPAÇÕES S.A.,AALR3,Serviços Médicos,False,2025-09-30,2025-01-01,9.0,938977000.0,1251969333.3333333,96844000.0,129125333.33333331,312395000.0,416526666.6666666,545652000.0,67673082.93204921,-23182000.0,-30909333.33333333,123751000.0,486951000.0,363200000.0,1099291000.0,1462491000.0,152359482.0,0.0462724782115235,299.0,943105202.2980795,1306305202.2980795,10.1165679001648,6.190000057220459,-0.028117516957141764,-0.024688570646565357,,0.6656257101595889,-0.20287108440899876,7.215113792523921,,,,0.02553037730396479,0.15,True,False,False,False,True,True
4110,42.771.949/0001-35,ALLIANÇA SAÚDE E PARTICIPAÇÕES S.A.,AALR3,Serviços Médicos,False,2024-09-30,2024-01-01,9.0,916324000.0,1221765333.3333333,92517000.0,123356000.0,352053000.0,469404000.0,592760000.0,100033103.43224429,-69770000.0,-93026666.66666666,167701000.0,734972000.0,567271000.0,1184892000.0,1752163000.0,118292816.0,0.0570912086559551,293.0,1805148399.235077,2372419399.235077,19.232298382203354,15.260000228881836,-0.07851067157738145,-0.07614119023402202,,0.9569994601525069,-0.7864101118927346,10.01660151534477,,,,0.018378559806664807,0.1075,True,False,False,False,True,True
4174,42.771.949/0001-35,ALLIANÇA SAÚDE E PARTICIPAÇÕES S.A.,AALR3,Serviços Médicos,False,2024-12-31,2024-01-01,12.0,1216992000.0,1216992000.0,113009000.0,113009000.0,411983000.0,411983000.0,524992000.0,98987245.91584352,-111202000.0,-111202000.0,114972000.0,721713000.0,606741000.0,1136817000.0,1743558000.0,118292816.0,0.0567731305272572,285.0,1394672296.1274872,2001413296.1274872,17.71021154180187,11.789999961853027,-0.09781873423778849,-0.09137447082643108,,1.1557147537486285,-0.9400570868141308,9.610194756036579,,,,0.02553037730396479,0.1225,False,False,False,False,True,True
4177,42.771.949/0001-35,ALLIANÇA SAÚDE E PARTICIPAÇÕES S.A.,AALR3,Serviços Médicos,False,2023-09-30,2023-01-01,9.0,891396000.0,1188528000.0,65562000.0,87416000.0,32103000.0,42804000.0,130220000.0,73102971.89783771,-133197000.0,-177596000.0,294614000.0,1051383000.0,756769000.0,1045316000.0,1802085000.0,118292816.0,0.0405657734778535,312.0,1153354956.0,1910123956.0,21.850964994966596,9.75,-0.16989694982187203,-0.1494251713043361,,5.81146521271694,-1.5013253213956796,8.836682017951116,,,,0.0013200392553740503,0.1275,False,False,True,False,True,True
4280,42.771.949/0001-35,ALLIANÇA SAÚDE E PARTICIPAÇÕES S.A.,AALR3,Serviços Médicos,False,2020-12-31,2020-01-01,12.0,928787000.0,928787000.0,-9123000.0,-9123000.0,375417000.0,375417000.0,366294000.0,-7542806.145176439,-92431000.0,-92431000.0,229087000.0,793839000.0,564752000.0,1223684000.0,1788436000.0,118292816.0,-0.0042175432306084,,1264550153.402359,1829302153.402359,-200.51541745065867,10.6899995803833,-0.07553502374796107,-0.09951797344278074,,1.5417997564797676,-0.7813745849113948,10.344533517572192,,,,0.058291529048668966,0.02,True,False,False,False,True,True
4481,42.771.949/0001-35,ALLIANÇA SAÚDE E PARTICIPAÇÕES S.A.,AALR3,Serviços Médicos,False,2022-12-31,2022-01-01,12.0,1085009000.0,1085009000.0,-32037000.0,-32037000.0,493900000.0,493900000.0,461863000.0,-30115197.57411012,-219243000.0,-219243000.0,218744000.0,1034957000.0,816213000.0,981917000.0,1798130000.0,118292816.0,-0.0167480646972744,,2530283262.039795,3346496262.039795,-104.45722951711443,21.389999389648438,-0.22328058277838148,-0.2020656049857651,,1.767218850611545,-1.8533923480188348,8.300732311588558,,,,0.0013200392553740503,0.1375,True,False,False,False,True,True
4746,42.771.949/0001-35,ALLIANÇA SAÚDE E PARTICIPAÇÕES S.A.,AALR3,Serviços Médicos,False,2020-09-30,2020-01-01,9.0,635870000.0,847826666.6666666,-45186000.0,-60248000.0,321365000.0,428486666.6666666,368238666.6666666,-53898655.56363758,-107002000.0,-142669333.3333333,212848000.0,802102000.0,589254000.0,1209097000.0,1798351000.0,118292816.0,-0.0299711544429522,,1145074494.9801025,1734328494.9801025,-28.786490754549572,9.680000305175781,-0.11799659856350095,-0.16827653451177127,,1.6001958874498063,-1.2060692961551724,10.221220872787406,,,,,0.02,True,False,False,False,True,True
4895,42.771.949/0001-35,ALLIANÇA SAÚDE E PARTICIPAÇÕES S.A.,AALR3,Serviços Médicos,False,2020-06-30,2020-01-01,6.0,376437000.0,752874000.0,-64718000.0,-129436000.0,125668000.0,251336000.0,121900000.0,-121671321.4113271,-105129000.0,-210258000.0,325320000.0,901733000.0,576413000.0,1211489000.0,1787902000.0,118292816.0,-0.0680525674289346,,1343806349.1473846,1920219349.1473846,-14.83528036363442,11.359999656677246,-0.17355337109953123,-0.27927382271137,,4.728572600492207,-1.7774367633618595,10.241441880967649,,,,,0.0225,True,False,True,False,True,True
5005,42.771.949/0001-35,ALLIANÇA SAÚDE E PARTICIPAÇÕES S.A.,AALR3,Serviços Médicos,False,2020-03-31,2020-01-01,3.0,235863000.0,943452000.0,-1196000.0,-4784000.0,133371000.0,533484000.0,528700000.0,-4521056.048311003,-20031000.0,-80124000.0,256040000.0,823557000.0,567517000.0,1297266000.0,1864783000.0,118292816.0,-0.0024244408321563,,1230701005.0694275,1798218005.0694275,-375.8816900228736,10.403852462768555,-0.061763740050228715,-0.08492641915009985,,1.0734197087195008,-0.6773361452482457,10.96656621987932,,,,,0.0375,True,False,False,False,True,True
9429,42.771.949/0001-35,ALLIANÇA SAÚDE E PARTICIPAÇÕES S.A.,AALR3,Serviços Médicos,False,2018-03-31,2018-01-01,3.0,263142000.0,1052568000.0,32035000.0,128140000.0,17406000.0,69624000.0,197764000.0,80641633.64070368,9623000.0,38492000.0,68523000.0,631336000.0,562813000.0,1267885000.0,1830698000.0,,0.0440496650134012,201.0,,,,14.309626579284668,0.03035922027628689,0.03656960880437178,,2.8458819603163366,,,,,,,0.065,False,False,False,False,True,True
9487,42.771.949/0001-35,ALLIANÇA SAÚDE E PARTICIPAÇÕES S.A.,AALR3,Serviços Médicos,False,2018-12-31,2018-01-01,12.0,1076918000.0,1076918000.0,137286000.0,137286000.0,159979000.0,159979000.0,297265000.0,101063411.8889904,51566000.0,51566000.0,73165000.0,605511000.0,532346000.0,1299712000.0,1832058000.0,,0.0551638713888918,205.0,,,,15.483192443847656,0.03967494337207012,0.047882940019574376,,1.7908129110389719,,,,,,,0.065,True,False,False,False,True,True
9510,42.771.949/0001-35,ALLIANÇA SAÚDE E PARTICIPAÇÕES S.A.,AALR3,Serviços Médicos,False,2017-09-30,2017-01-01,9.0,822356000.0,1096474666.6666665,94100000.0,125466666.66666666,162792000.0,217056000.0,342522666.6666666,76181003.96925162,26566000.0,35421333.33333333,50806000.0,513963000.0,463157000.0,1274729000.0,1737886000.0,,0.0438354437340836,196.0,,,,16.124216079711914,0.027787344081238702,0.03230474393085233,,1.3521937234324153,,,,,,,0.0825,False,False,False,False,True,True
9531,42.771.949/0001-35,ALLIANÇA SAÚDE E PARTICIPAÇÕES S.A.,AALR3,Serviços Médicos,False,2018-09-30,2018-01-01,9.0,818168000.0,1090890666.6666665,96669000.0,128892000.0,106389000.0,141852000.0,270744000.0,89804821.75879058,30971000.0,41294666.66666666,46970000.0,618638000.0,571668000.0,1290444000.0,1862112000.0,,0.0482274008001616,195.0,,,,11.814562797546387,0.03200035543322039,0.037854083757859015,,2.111470614307242,,,,,,,0.065,False,False,False,False,True,True
9904,42.771.949/0001-35,ALLIANÇA SAÚDE E PARTICIPAÇÕES S.A.,AALR3,Serviços Médicos,False,2016-06-30,2016-01-01,6.0,438758000.0,877516000.0,46878000.0,93756000.0,44474000.0,88948000.0,182704000.0,46878000.0,4165000.0,8330000.0,37444000.0,505712000.0,468268000.0,912796000.0,1381064000.0,,0.0339433943684,180.0,,,,17.81060218811035,0.009125806861555046,0.009492704406529339,,2.562987126718627,,,,,,,0.1425,True,False,False,False,True,True
10070,42.771.949/0001-35,ALLIANÇA SAÚDE E PARTICIPAÇÕES S.A.,AALR3,Serviços Médicos,False,2019-09-30,2019-01-01,9.0,810709000.0,1080945333.3333333,112161000.0,149548000.0,479816000.0,639754666.6666666,789302666.6666666,115786283.31527628,40019000.0,53358666.66666666,97428000.0,642308000.0,544880000.0,1324756000.0,1869636000.0,,0.0619298533593043,191.0,,,,17.951356887817383,0.04027810907568387,0.04936296500963971,,0.6903308743414018,,,,,,,0.055,True,False,False,False,True,False
10158,42.771.949/0001-35,ALLIANÇA SAÚDE E PARTICIPAÇÕES S.A.,AALR3,Serviços Médicos,False,2016-09-30,2016-01-01,9.0,692494000.0,923325333.3333333,78080000.0,104106666.66666666,62106000.0,82808000.0,186914666.66666663,52053333.33333333,8833000.0,11777333.333333332,46576000.0,552301000.0,505725000.0,920574000.0,1426299000.0,,0.03649538654471,187.0,,,,17.81060218811035,0.01279346726426483,0.012755345172665756,,2.70564642688999,,,,,,,0.1425,True,False,False,False,True,True
10187,42.771.949/0001-35,ALLIANÇA SAÚDE E PARTICIPAÇÕES S.A.,AALR3,Serviços Médicos,False,2017-06-30,2017-01-01,6.0,529682000.0,1059364000.0,56806000.0,113612000.0,85566000.0,171132000.0,284744000.0,61294089.43771731,13500000.0,27000000.0,51155000.0,497495000.0,446340000.0,1260331000.0,1706671000.0,,0.0359144143409698,202.0,,,,16.81454849243164,0.02142294365527786,0.02548699030739198,,1.567513275082179,,,,,,,0.1025,True,False,False,False,True,True
10360,42.771.949/0001-35,ALLIANÇA SAÚDE E PARTICIPAÇÕES S.A.,AALR3,Serviços Médicos,False,2019-12-31,2019-01-01,12.0,1072865000.0,1072865000.0,142656000.0,142656000.0,545878000.0,545878000.0,688534000.0,108711479.39368114,50073000.0,50073000.0,88301000.0,614769000.0,526468000.0,1320002000.0,1846470000.0,,0.0588753022760625,226.0,,,,20.84737777709961,0.03793403343328268,0.0466722280995279,,0.7646216454089413,,,,,,,0.045,False,False,False,False,True,False
10510,42.771.949/0001-35,ALLIANÇA SAÚDE E PARTICIPAÇÕES S.A.,AALR3,Serviços Médicos,False,2019-03-31,2019-01-01,3.0,261845000.0,1047380000.0,36100000.0,144400000.0,76081000.0,304324000.0,448724000.0,107858955.02989344,11494000.0,45976000.0,64266000.0,608262000.0,543996000.0,1303495000.0,1847491000.0,,0.0583813155408569,180.0,,,,14.782998085021973,0.035271328236778816,0.04389619813248296,,1.212317593888448,,,,,,,0.065,False,False,False,False,True,True
10680,42.771.949/0001-35,ALLIANÇA SAÚDE E PARTICIPAÇÕES S.A.,AALR3,Serviços Médicos,False,2018-06-30,2018-01-01,6.0,538706000.0,1077412000.0,60886000.0,121772000.0,67233000.0,134466000.0,256238000.0,83067899.10816014,17363000.0,34726000.0,63455000.0,609209000.0,545754000.0,1276586000.0,1822340000.0,,0.0455830959690069,208.0,,,,13.007854461669922,0.027202240977106124,0.032230938582454995,,2.1298714476385237,,,,,,,0.065,False,False,False,False,True,True
10998,42.771.949/0001-35,ALLIANÇA SAÚDE E PARTICIPAÇÕES S.A.,AALR3,Serviços Médicos,False,2017-03-31,2017-01-01,3.0,259277000.0,1037108000.0,24923000.0,99692000.0,49641000.0,198564000.0,298256000.0,57725436.42611683,8762000.0,35048000.0,53505000.0,484088000.0,430583000.0,1224410000.0,1654993000.0,,0.0348795653069933,199.0,,,,18.323421478271484,0.028624398689981297,0.03379397324097394,,1.4436691969314952,,,,,,,0.1225,False,False,False,False,True,True
11298,42.771.949/0001-35,ALLIANÇA SAÚDE E PARTICIPAÇÕES S.A.,AALR3,Serviços Médicos,False,2017-12-31,2017-01-01,12.0,1077876000.0,1077876000.0,70337000.0,70337000.0,372438000.0,372438000.0,442775000.0,35168500.0,14640000.0,14640000.0,91607000.0,599252000.0,507645000.0,1270256000.0,1777901000.0,,0.0197809101856627,224.0,,,,14.733688354492188,0.011525235857968788,0.013582267348006636,,1.1465078199988707,,,,,,,0.07,False,False,False,False,True,True
11386,42.771.949/0001-35,ALLIANÇA SAÚDE E PARTICIPAÇÕES S.A.,AALR3,Serviços Médicos,False,2019-06-30,2019-01-01,6.0,534563000.0,1069126000.0,71831000.0,143662000.0,109828000.0,219656000.0,363318000.0,109928023.58661015,23293000.0,46586000.0,61185000.0,599526000.0,538341000.0,1307509000.0,1845850000.0,,0.059554147729561,181.0,,,,14.668540000915527,0.03562958266444055,0.043573909903977644,,1.4817350090003798,,,,,,,0.065,False,False,False,False,True,True
11643,42.771.949/0001-35,ALLIANÇA SAÚDE E PARTICIPAÇÕES S.A.,AALR3,Serviços Médicos,False,2016-12-31,2016-01-01,12.0,951470000.0,951470000.0,100612000.0,100612000.0,104695000.0,104695000.0,205307000.0,83604535.19743493,28767000.0,28767000.0,197144000.0,505647000.0,308503000.0,1211935000.0,1520438000.0,,0.0549871387043963,170.0,,,,13.74749755859375,0.023736421507754128,0.030234269078373465,,1.502642384331757,,,,,,,0.1375,False,False,False,False,True,True
12129,42.771.949/0001-35,ALLIANÇA SAÚDE E PARTICIPAÇÕES S.A.,AALR3,Serviços Médicos,False,2015-12-31,2015-01-01,12.0,699664000.0,699664000.0,108738000.0,108738000.0,60961000.0,60961000.0,169699000.0,54369000.0,-11429000.0,-11429000.0,25592000.0,465444000.0,439852000.0,733000000.0,1172852000.0,,0.0463562324999232,174.0,,,,17.81060218811035,-0.015592087312414734,-0.01633498364929452,,2.5919539891219157,,,,,,,,False,False,False,False,True,False
12952,42.771.949/0001-35,ALLIANÇA SAÚDE E PARTICIPAÇÕES S.A.,AALR3,Serviços Médicos,False,2016-03-31,2016-01-01,3.0,195726000.0,782904000.0,22661000.0,90644000.0,25804000.0,103216000.0,193860000.0,56100865.525361165,9725000.0,38900000.0,37820000.0,496202000.0,458382000.0,921441000.0,1379823000.0,,0.0406580159378131,168.0,,,,17.81060218811035,0.04221648483191002,0.04968680706702227,,2.3645001547508513,,,,,,,,True,False,False,False,True,False
