trimestre,trimestre_holding,posicao,ticker,market_cap,data_inicio,preco_inicio,data_fim,preco_fim,retorno,retorno_ibov,liquidez_rs
2020Q1,2020Q2,1,ISAE4,893156568.5457802,2020-04-01,10.829729080200195,2020-06-30,12.558631896972656,0.1596441428930464,0.3394394577761495,23760835.493280068
2020Q1,2020Q2,2,SLCE3,1257066685.4453087,2020-04-01,6.081589221954346,2020-06-30,6.485562324523926,0.06642558183825531,0.3394394577761495,28599856.939909905
2020Q1,2020Q2,3,WIZC3,1008167632.754016,2020-04-01,6.353096961975098,2020-06-30,7.334750175476074,0.15451569830846612,0.3394394577761495,6312792.887734585
2020Q1,2020Q2,4,TRIS3,807026388.9784813,2020-04-01,3.400102376937866,2020-06-30,6.511379241943359,0.9150538778210291,0.3394394577761495,14155340.117134845
2020Q1,2020Q2,5,BBSE3,31813285827.63672,2020-04-01,14.414835929870605,2020-06-30,16.338010787963867,0.1334163543344975,0.3394394577761495,79101391.49014051
2020Q1,2020Q2,6,ALOS3,5719663488.039711,2020-04-01,19.192211151123047,2020-06-30,22.014368057250977,0.1470469912979666,0.3394394577761495,49997375.14210685
2020Q1,2020Q2,7,YDUQ3,8006993793.689728,2020-04-01,18.521963119506836,2020-06-30,29.263267517089844,0.5799225669697265,0.3394394577761495,108778874.92254914
2020Q1,2020Q2,8,SYNE3,454633129.5690537,2020-04-01,2.4466798305511475,2020-06-30,2.846949577331543,0.1635971089401711,0.3394394577761495,1082658.444972898
2020Q1,2020Q2,9,ALUP11,13445175247.674068,2020-04-01,14.657083511352539,2020-06-30,16.738420486450195,0.1420021229657027,0.3394394577761495,16131946.447472041
2020Q1,2020Q2,10,EGIE3,16088569339.060707,2020-04-01,19.254411697387695,2020-06-30,21.215133666992188,0.10183234888815162,0.3394394577761495,57215879.20848471
2020Q1,2020Q2,11,ENEV3,2837769548.895836,2020-04-01,8.547499656677246,2020-06-30,11.244999885559082,0.31558939306590883,0.3394394577761495,73884461.23059382
2020Q1,2020Q2,12,TAEE11,15026055792.93251,2020-04-01,13.434075355529785,2020-06-30,15.542010307312012,0.15690956734990702,0.3394394577761495,40216190.17377916
2020Q1,2020Q2,13,AGRO3,765791394.6858482,2020-04-01,10.460067749023438,2020-06-30,12.60741901397705,0.2052903782725588,0.3394394577761495,1900655.9923125096
2020Q1,2020Q2,14,SMTO3,5352094532.583027,2020-04-01,11.065740585327148,2020-06-30,16.788583755493164,0.5171676604957052,0.3394394577761495,27872728.565147273
2020Q2,2020Q3,1,SLCE3,1215164544.391632,2020-07-01,6.493807315826416,2020-09-30,7.122453689575195,0.09680705681190616,-0.01663149797823349,21004444.369143676
2020Q2,2020Q3,2,ISAE4,1048103616.3532628,2020-07-01,12.798873901367188,2020-09-30,13.275115013122559,0.03720961042553106,-0.01663149797823349,22234903.189648848
2020Q2,2020Q3,3,JHSF3,3924187105.6154,2020-07-01,5.2368974685668945,2020-09-30,4.6893205642700195,-0.10456131852562744,-0.01663149797823349,72986150.49969453
2020Q2,2020Q3,4,HYPE3,18261481410.05699,2020-07-01,26.508874893188477,2020-09-30,23.845989227294922,-0.10045260980041781,-0.01663149797823349,101497669.37531692
2020Q2,2020Q3,5,BRAP4,2561032087.925911,2020-07-01,6.057785511016846,2020-09-30,7.673080921173096,0.266647838095065,-0.01663149797823349,38394438.340211764
2020Q2,2020Q3,6,TRIS3,1394399488.216877,2020-07-01,6.9862236976623535,2020-09-30,5.86187744140625,-0.16093762594981298,-0.01663149797823349,17084578.426433176
2020Q2,2020Q3,7,CPLE3,1174119997.1943498,2020-07-01,3.911684274673462,2020-09-30,3.7364962100982666,-0.04478583962143001,-0.01663149797823349,18011748.17034648
2020Q2,2020Q3,8,EGIE3,18987967928.19717,2020-07-01,21.593170166015625,2020-09-30,20.710098266601562,-0.04089588942358657,-0.01663149797823349,55734003.4690452
2020Q2,2020Q3,9,ITSA4,44832358477.14186,2020-07-01,4.890708923339844,2020-09-30,4.414654731750488,-0.0973384838581357,-0.01663149797823349,181001237.38866547
2020Q2,2020Q3,10,LREN3,21890920886.28769,2020-07-01,27.716028213500977,2020-09-30,26.578022003173828,-0.041059498192197896,-0.01663149797823349,284253432.9037884
2020Q2,2020Q3,11,TAEE11,16378575170.393944,2020-07-01,15.558392524719238,2020-09-30,15.69874382019043,0.009020938072374918,-0.01663149797823349,38473151.22669807
2020Q2,2020Q3,12,AGRO3,785589888.7752419,2020-07-01,13.323204040527344,2020-09-30,13.052528381347656,-0.020316108524370713,-0.01663149797823349,2165234.3743265592
2020Q2,2020Q3,13,ALUP11,14837712327.40506,2020-07-01,16.878082275390625,2020-09-30,16.270553588867188,-0.03599512531167448,-0.01663149797823349,14826501.870596606
2020Q3,2020Q4,1,DEXP3,122269958.93214464,2020-10-01,4.438290119171143,2020-12-30,4.9480791091918945,0.11486157423975607,0.24955225756449062,2620165.427784447
2020Q3,2020Q4,2,WIZC3,988270285.1589652,2020-10-01,6.429140567779541,2020-12-30,5.558095455169678,-0.1354839116405725,0.24955225756449062,5777625.271811485
2020Q3,2020Q4,3,LAVV3,866877968.7925358,2020-10-01,4.463250637054443,2020-12-30,5.063860893249512,0.1345678979371514,0.24955225756449062,5584458.742424647
2020Q3,2020Q4,4,CYRE3,6519991866.786957,2020-10-01,17.391141891479492,2020-12-30,22.190380096435547,0.27595877458209706,0.24955225756449062,132355433.66779645
2020Q3,2020Q4,5,BRAP4,2780549285.2478027,2020-10-01,7.666242599487305,2020-12-30,11.819211959838867,0.5417216200057771,0.24955225756449062,74116492.04592226
2020Q3,2020Q4,6,CURY3,1974437925.0598755,2020-10-01,6.959018707275391,2020-12-30,6.52016019821167,-0.0630632747983434,0.24955225756449062,5476935.966728528
2020Q3,2020Q4,7,BBSE3,29258932113.64746,2020-10-01,15.204019546508789,2020-12-30,18.305362701416016,0.2039817921451812,0.24955225756449062,76800992.22141743
2020Q3,2020Q4,8,VALE3,184929975235.1761,2020-10-01,34.018211364746094,2020-12-30,50.54184341430664,0.4857290076892282,0.24955225756449062,1253482173.6257808
2020Q3,2020Q4,9,JHSF3,2952907467.103574,2020-10-01,5.004175186157227,2020-12-30,5.279135704040527,0.05494622143603389,0.24955225756449062,46826594.561350346
2020Q3,2020Q4,10,ITSA4,38354462947.218414,2020-10-01,4.464820861816406,2020-12-30,5.948256015777588,0.33224964670983037,0.24955225756449062,217250679.75982937
2020Q3,2020Q4,11,AGRO3,816221584.837224,2020-10-01,12.787869453430176,2020-12-30,15.53175163269043,0.2145691422056426,0.24955225756449062,2824189.5813830695
2020Q3,2020Q4,12,TRIS3,1072536347.9180336,2020-10-01,6.222105503082275,2020-12-30,6.68603515625,0.07456152148784767,0.24955225756449062,13585400.841078281
2020Q3,2020Q4,13,CSMG3,999062861.653328,2020-10-01,8.77895450592041,2020-12-30,10.329988479614258,0.17667638813344477,0.24955225756449062,22351304.96198495
2020Q3,2020Q4,14,PLPL3,1325702622.2229004,2020-10-01,7.3557844161987305,2020-12-30,5.669773578643799,-0.2292088432937267,0.24955225756449062,2941690.2885778747
2020Q3,2020Q4,15,EZTC3,4949674453.735352,2020-10-01,23.103076934814453,2020-12-30,26.650230407714844,0.1535359763077757,0.24955225756449062,68843153.29340722
2020Q4,2021Q1,1,ISAE4,1307146901.3174706,2021-01-04,17.77412223815918,2021-03-31,17.276504516601562,-0.02799675364498644,-0.01622834393292738,30449173.200238544
2020Q4,2021Q1,2,WIZC3,847878436.3094292,2021-01-04,5.419835090637207,2021-03-31,5.205530166625977,-0.039540856949954684,-0.01622834393292738,9870663.983869553
2020Q4,2021Q1,3,AURA33,1013970582.408142,2021-01-04,14.75483512878418,2021-03-31,14.753277778625488,-0.0001055484622565217,-0.01622834393292738,8426551.266141701
2020Q4,2021Q1,4,DEXP3,149666813.85930777,2021-01-04,4.952549457550049,2021-03-31,4.695420265197754,-0.051918551153549264,-0.01622834393292738,2408116.803661394
2020Q4,2021Q1,5,CYRE3,7711994372.657776,2021-01-04,21.452709197998047,2021-03-31,18.55470848083496,-0.13508786654477778,-0.01622834393292738,128932299.46599643
2020Q4,2021Q1,6,JHSF3,3342101321.230732,2021-01-04,5.029036521911621,2021-03-31,4.7045817375183105,-0.06451629113840274,-0.01622834393292738,40465548.73955965
2020Q4,2021Q1,7,SLCE3,1858346146.0924149,2021-01-04,8.027120590209961,2021-03-31,12.568596839904785,0.5657665408980777,-0.01622834393292738,38154485.96729716
2020Q4,2021Q1,8,PRIO3,2036507347.915535,2021-01-04,14.936010360717773,2021-03-31,18.426403045654297,0.23368976056125246,-0.01622834393292738,576964204.3218771
2020Q4,2021Q1,9,LAVV3,975681179.5416126,2021-01-04,5.036310195922852,2021-03-31,4.281413555145264,-0.1498908151822569,-0.01622834393292738,5444205.710199277
2020Q4,2021Q1,10,BRAP4,4036007618.7171936,2021-01-04,12.336800575256348,2021-03-31,12.672581672668457,0.027217842694610583,-0.01622834393292738,78218841.80141373
2020Q4,2021Q1,11,SHUL4,214148663.901397,2021-01-04,2.3915417194366455,2021-03-31,2.720670223236084,0.13762189516684176,-0.01622834393292738,2395536.4753627777
2020Q4,2021Q1,12,CURY3,1976267822.776886,2021-01-04,6.551507472991943,2021-03-31,6.106381893157959,-0.06794246693130979,-0.01622834393292738,5045676.129057407
2020Q4,2021Q1,13,CPLE3,11437250519.76204,2021-01-04,4.606457233428955,2021-03-31,4.707328796386719,0.02189786159865781,-0.01622834393292738,9463082.04624494
2020Q4,2021Q1,14,SEER3,1733068873.5551453,2021-01-04,14.049480438232422,2021-03-31,11.337475776672363,-0.19303238105374798,-0.01622834393292738,10945090.35761992
2020Q4,2021Q1,15,ROMI3,665053047.6664734,2021-01-04,8.988880157470703,2021-03-31,16.091571807861328,0.7901642391446884,-0.01622834393292738,29827547.044910494
2021Q1,2021Q2,1,ISAE4,1425760275.5914822,2021-04-01,17.276504516601562,2021-06-30,17.112810134887695,-0.009474971141099076,0.1002056345604887,23178625.42069958
2021Q1,2021Q2,2,BRAP4,4584818286.287308,2021-04-01,13.030424118041992,2021-06-30,15.267203330993652,0.1716582048818045,0.1002056345604887,79508533.32298093
2021Q1,2021Q2,3,SLCE3,2618213055.510521,2021-04-01,13.16830825805664,2021-06-30,14.753291130065918,0.12036343932331262,0.1002056345604887,54345953.74274849
2021Q1,2021Q2,4,UNIP6,3198940556.0302734,2021-04-01,30.5024471282959,2021-06-30,44.76543045043945,0.4676012800596696,0.1002056345604887,23911984.093900558
2021Q1,2021Q2,5,CSNA3,44026465541.17156,2021-04-01,23.73801040649414,2021-06-30,28.7576904296875,0.2114616994952574,0.1002056345604887,340572931.0677836
2021Q1,2021Q2,6,DEXP3,243138498.9611864,2021-04-01,4.735666751861572,2021-06-30,9.426787376403809,0.990593483525456,0.1002056345604887,8312936.956338505
2021Q1,2021Q2,7,CMIN3,30707876209.90184,2021-04-01,4.738210201263428,2021-06-30,4.8194990158081055,0.017156016954039455,0.1002056345604887,50004208.80115032
2021Q1,2021Q2,8,VALE3,347965510285.6293,2021-04-01,58.8223876953125,2021-06-30,69.75243377685547,0.18581438989111243,0.1002056345604887,1699768387.4704177
2021Q1,2021Q2,9,RANI3,1154091760.1013184,2021-04-01,3.702583074569702,2021-06-30,6.2055511474609375,0.6760059187009921,0.1002056345604887,13873601.423905358
2021Q1,2021Q2,10,GOAU4,7096612089.058781,2021-04-01,5.683812141418457,2021-06-30,6.1588311195373535,0.08357401094546923,0.1002056345604887,95098139.63470438
2021Q1,2021Q2,11,USIM5,22723946984.59044,2021-04-01,13.417096138000488,2021-06-30,15.52178955078125,0.15686653737389245,0.1002056345604887,339026129.29927
2021Q1,2021Q2,12,JHSF3,3181024434.690698,2021-04-01,4.616708755493164,2021-06-30,5.0702948570251465,0.09824880137658365,0.1002056345604887,26782577.926719572
2021Q1,2021Q2,13,GGBR4,30494835802.0654,2021-04-01,15.683250427246094,2021-06-30,15.990842819213867,0.019612796045990644,0.1002056345604887,334415735.7313555
2021Q1,2021Q2,14,CURY3,1798769831.8801804,2021-04-01,5.999802112579346,2021-06-30,6.68223762512207,0.11374300347538324,0.1002056345604887,6271615.509537728
2021Q1,2021Q2,15,TRIS3,986978165.6022072,2021-04-01,5.3106207847595215,2021-06-30,5.4528937339782715,0.026790267086485686,0.1002056345604887,7912613.925812898
2021Q2,2021Q3,1,BRAP4,5287056845.3063965,2021-07-01,15.22612476348877,2021-09-30,12.670878410339355,-0.16781987490846817,-0.11687329906259447,77384891.35487917
2021Q2,2021Q3,2,CSNA3,42405494426.5563,2021-07-01,28.391592025756836,2021-09-30,19.30535316467285,-0.3200327354958099,-0.11687329906259447,323594312.80646324
2021Q2,2021Q3,3,CMIN3,27064682195.400085,2021-07-01,4.787930488586426,2021-09-30,3.4764492511749268,-0.2739140095157683,-0.11687329906259447,30885423.202749714
2021Q2,2021Q3,4,EUCA4,629987331.8066597,2021-07-01,7.6503190994262695,2021-09-30,6.565847873687744,-0.14175503160644043,-0.11687329906259447,993232.620485127
2021Q2,2021Q3,5,LAVV3,902324642.6042118,2021-07-01,4.443878650665283,2021-09-30,3.5740609169006348,-0.19573390772820265,-0.11687329906259447,5170130.589706078
2021Q2,2021Q3,6,SLCE3,2465620507.435798,2021-07-01,14.948775291442871,2021-09-30,13.10892391204834,-0.12307706440993316,-0.11687329906259447,46702566.3947653
2021Q2,2021Q3,7,USIM5,20946969394.468987,2021-07-01,15.676194190979004,2021-09-30,13.92534351348877,-0.11168850399274688,-0.11687329906259447,339582826.710175
2021Q2,2021Q3,8,GOAU4,6899500939.915939,2021-07-01,6.069766521453857,2021-09-30,5.737093448638916,-0.05480821570963135,-0.11687329906259447,78072953.2175903
2021Q2,2021Q3,9,DEXP3,298508173.694396,2021-07-01,10.181941986083984,2021-09-30,7.815489292144775,-0.23241663497724918,-0.11687329906259447,7064069.939038396
2021Q2,2021Q3,10,VALE3,353990895988.3423,2021-07-01,68.53907012939453,2021-09-30,51.835201263427734,-0.2437130943625534,-0.11687329906259447,1609218122.6645947
2021Q2,2021Q3,11,UNIP6,3935722259.1552734,2021-07-01,44.856510162353516,2021-09-30,37.329463958740234,-0.1678027598752091,-0.11687329906259447,14853122.712596953
2021Q2,2021Q3,12,AURA33,1208124070.7138786,2021-07-01,17.061613082885742,2021-09-30,14.419571876525879,-0.15485295519976694,-0.11687329906259447,6563276.120909035
2021Q2,2021Q3,13,WIZC3,1842622705.127285,2021-07-01,12.555761337280273,2021-09-30,8.551290512084961,-0.3189349269729531,-0.11687329906259447,52678151.00053549
2021Q2,2021Q3,14,JHSF3,3584858720.928222,2021-07-01,4.944756984710693,2021-09-30,4.128767967224121,-0.16502105563723957,-0.11687329906259447,20841553.295647353
2021Q2,2021Q3,15,CURY3,1737055877.24263,2021-07-01,6.56477689743042,2021-09-30,4.704975128173828,-0.28330007223620257,-0.11687329906259447,5339651.790595055
2021Q3,2021Q4,1,BRAP4,4636881678.406715,2021-10-01,12.658759117126465,2021-12-30,14.691628456115723,0.160589937779835,-0.07155004428697964,102706888.16559142
2021Q3,2021Q4,2,CSNA3,21239115307.634445,2021-10-01,19.634611129760742,2021-12-30,16.7922306060791,-0.14476377988323708,-0.07155004428697964,209910797.32728866
2021Q3,2021Q4,3,CMIN3,15994261719.26915,2021-10-01,3.558311700820923,2021-12-30,3.727267265319824,0.047481946131903596,-0.07155004428697964,33707570.34974763
2021Q3,2021Q4,4,USIM5,14342841586.858715,2021-10-01,14.573234558105469,2021-12-30,13.261772155761719,-0.08999116820049602,-0.07155004428697964,276246431.4451655
2021Q3,2021Q4,5,LAVV3,598358709.6000252,2021-10-01,3.434666156768799,2021-12-30,3.1518747806549072,-0.08233445790840144,-0.07155004428697964,4942137.697991387
2021Q3,2021Q4,6,WIZC3,1146441360.717496,2021-10-01,9.301666259765625,2021-12-30,5.9138383865356445,-0.36421731102996424,-0.07155004428697964,16835305.611903552
2021Q3,2021Q4,7,GOAU4,6282815876.259502,2021-10-01,5.852574348449707,2021-12-30,6.078051567077637,0.0385261604899827,-0.07155004428697964,86717544.65795934
2021Q3,2021Q4,8,LPSB3,284975176.06437206,2021-10-01,2.286992311477661,2021-12-30,1.78947114944458,-0.21754387172015677,-0.07155004428697964,2732670.0953122047
2021Q3,2021Q4,9,UNIP6,3328545119.938568,2021-10-01,37.62685012817383,2021-12-30,53.13691329956055,0.4122073231894918,-0.07155004428697964,19824610.98430596
2021Q3,2021Q4,10,GGBR4,25801645896.742744,2021-10-01,15.450146675109863,2021-12-30,16.280818939208984,0.0537646846704265,-0.07155004428697964,251525998.19325283
2021Q3,2021Q4,11,RANI3,1108448734.474182,2021-10-01,4.263763427734375,2021-12-30,4.729707717895508,0.10928005224922166,-0.07155004428697964,8163018.601537142
2021Q3,2021Q4,12,VALE3,249885452463.68408,2021-10-01,51.808006286621094,2021-12-30,53.00462341308594,0.0230971467970551,-0.07155004428697964,1330827566.2114503
2021Q3,2021Q4,13,CPLE3,10150907067.65443,2021-10-01,4.4686970710754395,2021-12-30,4.558071136474609,0.02000002774358145,-0.07155004428697964,7362153.117863077
2021Q3,2021Q4,14,SLCE3,2419342998.519485,2021-10-01,13.25841236114502,2021-12-30,12.945061683654785,-0.02363410255729692,-0.07155004428697964,44234050.116821446
2021Q3,2021Q4,15,CURY3,1283745202.9337082,2021-10-01,4.776756286621094,2021-12-30,4.683825969696045,-0.01945469087157148,-0.07155004428697964,4034231.8205051734
2021Q4,2022Q1,1,BRAP4,6200462844.449043,2022-01-03,14.491742134094238,2022-03-31,19.447742462158203,0.34198789091093107,0.15470256538557758,92067326.23536356
2021Q4,2022Q1,2,SYNE3,433389832.0674896,2022-01-03,2.847062826156616,2022-03-31,2.7686312198638916,-0.027548252736875223,0.15470256538557758,1951039.5585263928
2021Q4,2022Q1,3,FESA4,739982296.1425781,2022-01-03,8.737369537353516,2022-03-31,8.60125732421875,-0.015578168298006179,0.15470256538557758,16288396.610367682
2021Q4,2022Q1,4,LEVE3,2007457635.0216863,2022-01-03,14.981865882873535,2022-03-31,12.501132011413574,-0.1655824375184003,0.15470256538557758,4334212.99274017
2021Q4,2022Q1,5,AZEV4,181998902.7500153,2022-01-03,4.062266826629639,2022-03-31,3.4410951137542725,-0.15291258289666232,0.15470256538557758,1272281.0023872468
2021Q4,2022Q1,6,UNIP6,4563909896.649353,2022-01-03,52.34428024291992,2022-03-31,53.55380630493164,0.02310712949721605,0.15470256538557758,28125246.13293223
2021Q4,2022Q1,7,VALE3,282198553927.269,2022-01-03,53.03181076049805,2022-03-31,67.4968490600586,0.2727615386336226,0.15470256538557758,1804259131.13535
2021Q4,2022Q1,8,USIM5,17505955244.173336,2022-01-03,13.095563888549805,2022-03-31,12.220776557922363,-0.06680027970329083,0.15470256538557758,276894191.31970096
2021Q4,2022Q1,9,CMIN3,21175275866.67526,2022-01-03,3.8986995220184326,2022-03-31,3.334632158279419,-0.14468090206833506,0.15470256538557758,27823783.05858989
2021Q4,2022Q1,10,LAVV3,730788817.8513708,2022-01-03,2.9757587909698486,2022-03-31,3.1275830268859863,0.05102034357652219,0.15470256538557758,3069982.8562575
2021Q4,2022Q1,11,GOAU4,6718651634.254099,2022-01-03,6.029982089996338,2022-03-31,6.605096340179443,0.09537578082316567,0.15470256538557758,68122063.44781302
2021Q4,2022Q1,12,LPSB3,331465908.47444534,2022-01-03,1.7172504663467407,2022-03-31,3.4104270935058594,0.9859811718445264,0.15470256538557758,4392037.058407645
2021Q4,2022Q1,13,CURY3,1607309476.4513626,2022-01-03,4.463017463684082,2022-03-31,5.065222263336182,0.1349322077612931,0.15470256538557758,5304963.845540632
2021Q4,2022Q1,14,CSNA3,23812418662.81369,2022-01-03,16.469690322875977,2022-03-31,17.630937576293945,0.07050814135861594,0.15470256538557758,208310976.79500887
2021Q4,2022Q1,15,GGBR4,28593140979.885727,2022-01-03,16.280818939208984,2022-03-31,18.529388427734375,0.13811157147078013,0.15470256538557758,274524437.4668612
2022Q1,2022Q2,1,BRAP4,6768972617.746353,2022-04-01,20.00624656677246,2022-06-30,15.682796478271484,-0.21610500870671134,-0.18942173233528004,58243877.33073542
2022Q1,2022Q2,2,SLCE3,3554130210.520403,2022-04-01,15.931367874145508,2022-06-30,14.625615119934082,-0.08196112000718336,-0.18942173233528004,75678564.42354731
2022Q1,2022Q2,3,LEVE3,1547720914.156437,2022-04-01,12.544997215270996,2022-06-30,13.094731330871582,0.04382098346992036,-0.18942173233528004,4470824.5706666205
2022Q1,2022Q2,4,UNIP6,5133110891.462219,2022-04-01,52.62736129760742,2022-06-30,53.096065521240234,0.008906093941938087,-0.18942173233528004,16464074.944670893
2022Q1,2022Q2,5,AURA33,735746106.0713892,2022-04-01,11.659123420715332,2022-06-30,9.14443588256836,-0.21568409968788949,-0.18942173233528004,3952665.024710655
2022Q1,2022Q2,6,VALE3,293971409199.21875,2022-04-01,68.4570541381836,2022-06-30,54.0539665222168,-0.2103959598800954,-0.18942173233528004,1700583338.7196572
2022Q1,2022Q2,7,PRIO3,23528867622.200336,2022-04-01,24.450727462768555,2022-06-30,21.954736709594727,-0.1020824741093902,-0.18942173233528004,471160869.5350032
2022Q1,2022Q2,8,GOAU4,6654168839.268177,2022-04-01,6.594323635101318,2022-06-30,5.275278568267822,-0.20002734773469,-0.18942173233528004,78860126.15920497
2022Q1,2022Q2,9,RECV3,4076046928.8934937,2022-04-01,15.784225463867188,2022-06-30,17.10918426513672,0.08394195865375775,-0.18942173233528004,22991411.784657434
2022Q1,2022Q2,10,CURY3,1431540619.2051086,2022-04-01,5.219120025634766,2022-06-30,4.425135135650635,-0.1521300307493051,-0.18942173233528004,4393920.563240974
2022Q1,2022Q2,11,AGRO3,2377694333.734955,2022-04-01,21.830982208251953,2022-06-30,17.695709228515625,-0.1894222138192767,-0.18942173233528004,17099610.78767161
2022Q1,2022Q2,12,CMIN3,16078387909.661331,2022-04-01,3.3844029903411865,2022-06-30,2.341485023498535,-0.3081541913947763,-0.18942173233528004,21646249.781474374
2022Q1,2022Q2,13,EZTC3,2293759126.663208,2022-04-01,12.711491584777832,2022-06-30,9.384604454040527,-0.2617227969313446,-0.18942173233528004,26781568.43784789
2022Q1,2022Q2,14,CMIG4,8480229143.237114,2022-04-01,5.212745666503906,2022-06-30,4.938570976257324,-0.052596982048898955,-0.18942173233528004,81098800.89515264
2022Q1,2022Q2,15,TASA4,2105170917.1180763,2022-04-01,18.45509910583496,2022-06-30,12.89482307434082,-0.30128670670406443,-0.18942173233528004,16818504.54974282
2022Q2,2022Q3,1,FESA4,800028636.4746094,2022-07-01,8.692456245422363,2022-09-30,10.074860572814941,0.1590349480471165,0.11200153606726349,7397601.862094586
2022Q2,2022Q3,2,BRAP4,5490731447.363853,2022-07-01,15.40318775177002,2022-09-30,14.763201713562012,-0.04154893444926455,0.11200153606726349,41558916.089329354
2022Q2,2022Q3,3,UNIP6,5043183825.343918,2022-07-01,54.401611328125,2022-09-30,59.9018669128418,0.1011046447051327,0.11200153606726349,13797878.937258206
2022Q2,2022Q3,4,KEPL3,661446996.5457916,2022-07-01,5.354990005493164,2022-09-30,7.848111152648926,0.4655697106060537,0.11200153606726349,13489890.224211765
2022Q2,2022Q3,5,SLCE3,3104698245.731126,2022-07-01,14.635557174682617,2022-09-30,14.347220420837402,-0.01970111218888171,0.11200153606726349,59479344.32889955
2022Q2,2022Q3,6,VALE3,246182143659.668,2022-07-01,53.02315139770508,2022-09-30,53.498939514160156,0.008973214603680946,0.11200153606726349,1629564629.0383208
2022Q2,2022Q3,7,RECV3,4066488324.625549,2022-07-01,17.215951919555664,2022-09-30,16.722158432006836,-0.028682322642172742,0.11200153606726349,35963591.40777441
2022Q2,2022Q3,8,GOAU4,6143901980.279532,2022-07-01,5.220039367675781,2022-09-30,6.0518622398376465,0.15935183886021798,0.11200153606726349,58563648.83190465
2022Q2,2022Q3,9,CURY3,1705314500.3921585,2022-07-01,4.533065319061279,2022-09-30,8.55526065826416,0.8873014298491972,0.11200153606726349,12041363.679879995
2022Q2,2022Q3,10,CMIN3,11645970200.265167,2022-07-01,2.311155080795288,2022-09-30,2.0078539848327637,-0.13123355437409934,0.11200153606726349,19426953.60781523
2022Q2,2022Q3,11,PETR4,186162119760.3292,2022-07-01,11.922710418701172,2022-09-30,15.293630599975586,0.2827310286750748,0.11200153606726349,1157763425.4399197
2022Q2,2022Q3,12,GGBR4,25818826477.677773,2022-07-01,13.675801277160645,2022-09-30,15.427352905273438,0.12807670955543804,0.11200153606726349,242302083.85495904
2022Q2,2022Q3,13,PRIO3,21343413435.40272,2022-07-01,22.064559936523438,2022-09-30,27.48585319519043,0.24570139963195614,0.11200153606726349,378386763.10041577
2022Q2,2022Q3,14,WIZC3,947018264.1088057,2022-07-01,6.321373462677002,2022-09-30,6.353299140930176,0.005050433808676313,0.11200153606726349,5912550.286918787
2022Q2,2022Q3,15,CXSE3,16017241001.12915,2022-07-01,4.973585605621338,2022-09-30,6.0987348556518555,0.22622496911661294,0.11200153606726349,14467346.428246865
2022Q3,2022Q4,1,FESA4,897857362.0605469,2022-10-03,10.671833038330078,2022-12-29,10.729954719543457,0.005446269727480191,-0.05255136308057928,8171226.18583304
2022Q3,2022Q4,2,BRAP4,5864432943.853378,2022-10-03,15.086302757263184,2022-12-29,19.728870391845703,0.30773395637624934,-0.05255136308057928,83753555.38068365
2022Q3,2022Q4,3,KEPL3,853128736.6485596,2022-10-03,8.104703903198242,2022-12-29,7.651321887969971,-0.05594060198169115,-0.05255136308057928,16231722.96469798
2022Q3,2022Q4,4,LEVE3,1871439068.9163208,2022-10-03,13.66504955291748,2022-12-29,17.37494468688965,0.27148786541942016,-0.05255136308057928,3328098.7186669367
2022Q3,2022Q4,5,VALE3,238240151608.1772,2022-10-03,54.954490661621094,2022-12-29,66.22943878173828,0.20516882213579213,-0.05255136308057928,2116173872.4862895
2022Q3,2022Q4,6,UNIP6,6922466400.669571,2022-10-03,62.778724670410156,2022-12-29,57.53063201904297,-0.08359667513030578,-0.05255136308057928,14046291.059856728
2022Q3,2022Q4,7,GOAU4,6989920149.148283,2022-10-03,6.154724597930908,2022-12-29,7.709150314331055,0.2525581269587127,-0.05255136308057928,99578017.96463242
2022Q3,2022Q4,8,SLCE3,3234940832.239769,2022-10-03,14.436702728271484,2022-12-29,15.665005683898926,0.08508195941598551,-0.05255136308057928,47623154.44952089
2022Q3,2022Q4,9,RECV3,6125697793.864227,2022-10-03,17.462846755981445,2022-12-29,22.552387237548828,0.2914496446476629,-0.05255136308057928,48667049.57339177
2022Q3,2022Q4,10,PETR4,199564707896.0501,2022-10-03,16.515073776245117,2022-12-29,13.452031135559082,-0.18546950998740563,-0.05255136308057928,1518840349.51367
2022Q3,2022Q4,11,GGBR4,27951791664.77504,2022-10-03,15.875530242919922,2022-12-29,19.965435028076172,0.25762319258471655,-0.05255136308057928,303381469.20270014
2022Q3,2022Q4,12,CMIN3,10980484918.380655,2022-10-03,2.1231086254119873,2022-12-29,2.789302110671997,0.31378210105982474,-0.05255136308057928,24056161.054631334
2022Q3,2022Q4,13,TASA4,1495270891.8758495,2022-10-03,12.9981107711792,2022-12-29,10.606648445129395,-0.18398537819453042,-0.05255136308057928,10449306.638510188
2022Q3,2022Q4,14,CURY3,2616775725.273239,2022-10-03,9.152474403381348,2022-12-29,9.109302520751953,-0.00471696294648416,-0.05255136308057928,16365647.110098697
2022Q3,2022Q4,15,WIZC3,994241630.5718232,2022-10-03,6.552837371826172,2022-12-29,5.595053672790527,-0.14616320300479624,-0.05255136308057928,9143022.722385751
2022Q4,2023Q1,1,FESA4,1005270534.6679688,2023-01-02,10.440984725952148,2023-03-31,10.639652252197266,0.019027661801985785,-0.0422463713619613,8542809.301103864
2022Q4,2023Q1,2,PETR4,186719677159.98895,2023-01-02,12.58450984954834,2023-03-31,12.875514030456543,0.02312399802513143,-0.0422463713619613,890258637.4692901
2022Q4,2023Q1,3,BRAP4,8324225305.021286,2023-01-02,19.768701553344727,2023-03-31,17.80377769470215,-0.099395696441688,-0.0422463713619613,47214274.980178714
2022Q4,2023Q1,4,UNIP6,5794762762.411331,2023-01-02,56.014095306396484,2023-03-31,45.79048156738281,-0.1825185907777429,-0.0422463713619613,13971547.181746468
2022Q4,2023Q1,5,VALE3,336551668167.7093,2023-01-02,66.61691284179688,2023-03-31,61.14244842529297,-0.08217829651615305,-0.0422463713619613,1447170397.1965487
2022Q4,2023Q1,6,LEVE3,2472067278.207779,2023-01-02,16.443382263183594,2023-03-31,17.714508056640625,0.07730318331789054,-0.0422463713619613,4662715.615077549
2022Q4,2023Q1,7,SLCE3,3639009627.8538265,2023-01-02,15.341086387634277,2023-03-31,15.224209785461426,-0.007618534908131469,-0.0422463713619613,56509643.717752956
2022Q4,2023Q1,8,PRIO3,37099821786.846695,2023-01-02,36.7010498046875,2023-03-31,31.139984130859375,-0.15152334070612494,-0.0422463713619613,442394300.95035917
2022Q4,2023Q1,9,RECV3,6299918187.348755,2023-01-02,22.286901473999023,2023-03-31,13.839117050170898,-0.37904705746932643,-0.0422463713619613,60510153.568959616
2022Q4,2023Q1,10,GOAU4,8904072435.330128,2023-01-02,7.756701469421387,2023-03-31,7.0903449058532715,-0.08590720761847526,-0.0422463713619613,76716672.17763911
2022Q4,2023Q1,11,TASA4,1694301835.9361286,2023-01-02,9.859813690185547,2023-03-31,12.855098724365234,0.3037871838451869,-0.0422463713619613,8969387.904741801
2022Q4,2023Q1,12,WIZC3,901071318.1916904,2023-01-02,5.499275207519531,2023-03-31,4.693140506744385,-0.1465892631946959,-0.0422463713619613,4125630.0815331293
2022Q4,2023Q1,13,CURY3,2830990110.041428,2023-01-02,8.512088775634766,2023-03-31,9.379770278930664,0.10193520370459175,-0.0422463713619613,12964235.284225525
2022Q4,2023Q1,14,CXSE3,19444534778.59497,2023-01-02,6.056371212005615,2023-03-31,6.56355619430542,0.08374403822777676,-0.0422463713619613,11155879.147444075
2022Q4,2023Q1,15,BLAU3,3494543551.0826817,2023-01-02,17.430633544921875,2023-03-31,16.25986671447754,-0.0671671989103012,-0.0422463713619613,6978563.540082053
2023Q1,2023Q2,1,PETR4,169745158792.6806,2023-04-03,13.446538925170898,2023-06-30,19.460311889648438,0.44723575322570275,0.16334994975666461,1098524272.4219713
2023Q1,2023Q2,2,BRAP4,6184457064.786911,2023-04-03,17.843608856201172,2023-06-30,15.524211883544922,-0.12998474643486668,0.16334994975666461,55010217.52503973
2023Q1,2023Q2,3,FESA4,912754438.4765624,2023-04-03,10.729954719543457,2023-06-30,9.902242660522461,-0.07714031239231678,0.16334994975666461,9629746.265736565
2023Q1,2023Q2,4,LEVE3,2141104776.7095568,2023-04-03,17.726116180419922,2023-06-30,30.30208396911621,0.7094598535119367,0.16334994975666461,9097464.714110015
2023Q1,2023Q2,5,KEPL3,518093663.5780335,2023-04-03,6.913079738616943,2023-06-30,7.564805030822754,0.0942742333153237,0.16334994975666461,13058107.762191335
2023Q1,2023Q2,6,SLCE3,3085709629.2912426,2023-04-03,15.134044647216797,2023-06-30,14.936842918395996,-0.013030338777087369,0.16334994975666461,57558638.07185375
2023Q1,2023Q2,7,SHUL4,1213868212.3183298,2023-04-03,3.3656058311462402,2023-06-30,5.052832126617432,0.5013142893493754,0.16334994975666461,1719886.9090838511
2023Q1,2023Q2,8,UNIP6,4430610337.9451065,2023-04-03,45.26754379272461,2023-06-30,53.219974517822266,0.1756762143205961,0.16334994975666461,14362488.327568555
2023Q1,2023Q2,9,CXSE3,21167469978.33252,2023-04-03,6.384550094604492,2023-06-30,8.09902572631836,0.268535073937747,0.16334994975666461,20565650.80774182
2023Q1,2023Q2,10,GOAU4,7224950241.482645,2023-04-03,7.144287109375,2023-06-30,7.277212619781494,0.01860584665362408,0.16334994975666461,73795804.91776073
2023Q1,2023Q2,11,CMIG4,13932545280.809402,2023-04-03,5.9344258308410645,2023-06-30,6.751914978027344,0.1377537053269431,0.16334994975666461,90734426.16763107
2023Q1,2023Q2,12,BBSE3,50128967285.15625,2023-04-03,23.530364990234375,2023-06-30,22.47840690612793,-0.044706407424748074,0.16334994975666461,149090512.27633992
2023Q1,2023Q2,13,GGBR4,31814948935.18105,2023-04-03,18.265045166015625,2023-06-30,18.412281036376953,0.008061073434150634,0.16334994975666461,213997238.519995
2023Q1,2023Q2,14,ABEV3,188602847331.5506,2023-04-03,12.1156005859375,2023-06-30,13.028709411621094,0.07536636910459338,0.16334994975666461,291523334.5795741
2023Q1,2023Q2,15,VALE3,250253883851.77997,2023-04-03,61.15768814086914,2023-06-30,48.90481948852539,-0.20034878728772065,0.16334994975666461,1558550259.879253
2023Q2,2023Q3,1,FESA4,915704963.3789062,2023-07-03,9.675472259521484,2023-09-29,10.387113571166992,0.07355106733371009,-0.02597077034920159,8008454.213178158
2023Q2,2023Q3,2,PETR4,267432215789.72507,2023-07-03,19.822763442993164,2023-09-29,23.697975158691406,0.19549301119607665,-0.02597077034920159,1019694281.1881512
2023Q2,2023Q3,3,UNIP6,5654024088.579323,2023-07-03,53.24687576293945,2023-09-29,54.4909553527832,0.023364367805963404,-0.02597077034920159,12845857.328656316
2023Q2,2023Q3,4,BRAP4,6454220150.9552,2023-07-03,15.517224311828613,2023-09-29,15.880688667297363,0.023423284226914642,-0.02597077034920159,48669254.69824076
2023Q2,2023Q3,5,SHUL4,1901985908.3997536,2023-07-03,4.894435405731201,2023-09-29,5.979448318481445,0.22168295682883765,-0.02597077034920159,2015538.6882953346
2023Q2,2023Q3,6,SLCE3,3866665440.186863,2023-07-03,15.100984573364258,2023-09-29,15.394095420837402,0.019410048798417234,-0.02597077034920159,54883594.81410161
2023Q2,2023Q3,7,LEVE3,3791942395.09964,2023-07-03,29.709590911865234,2023-09-29,31.415462493896484,0.057418211751612214,-0.02597077034920159,9224659.45719266
2023Q2,2023Q3,8,GOAU4,8751931874.584473,2023-07-03,7.548104763031006,2023-09-29,7.0167436599731445,-0.07039662534366953,-0.02597077034920159,61002276.883230105
2023Q2,2023Q3,9,LAVV3,1192887367.4494703,2023-07-03,4.84501838684082,2023-09-29,5.400330066680908,0.11461497883028215,-0.02597077034920159,4002880.1289901137
2023Q2,2023Q3,10,CXSE3,25452959060.668945,2023-07-03,8.130477905273438,2023-09-29,8.77525520324707,0.07930373902811172,-0.02597077034920159,25777156.71254322
2023Q2,2023Q3,11,CURY3,3811259413.870331,2023-07-03,11.676371574401855,2023-09-29,12.341104507446289,0.05692975157639979,-0.02597077034920159,20576828.72170657
2023Q2,2023Q3,12,CMIG4,14643865132.648468,2023-07-03,6.73616361618042,2023-09-29,6.612715721130371,-0.018326142606382656,-0.02597077034920159,72210424.1257488
2023Q2,2023Q3,13,DIRR3,912610618.8297272,2023-07-03,4.7364959716796875,2023-09-29,4.781368255615234,0.009473729990238766,-0.02597077034920159,36003510.32600552
2023Q2,2023Q3,14,BBSE3,45468177795.41016,2023-07-03,23.01899528503418,2023-09-29,23.984804153442383,0.04195703836979048,-0.02597077034920159,115294346.75964713
2023Q2,2023Q3,15,VULC3,3018667352.6115417,2023-07-03,10.980108261108398,2023-09-29,12.465686798095703,0.13529725770093104,-0.02597077034920159,6249012.836573929
2023Q3,2023Q4,1,UNIP6,4968053273.307793,2023-10-02,53.28049850463867,2023-12-28,52.55385208129883,-0.013638131093622996,0.16624803358335427,10220933.994756699
2023Q3,2023Q4,2,FESA4,886579163.8183594,2023-10-02,9.994913101196289,2023-12-28,9.891356468200684,-0.010360933801736638,0.16624803358335427,6701398.8039461775
2023Q3,2023Q4,3,PETR4,310020574513.3853,2023-10-02,23.34222984313965,2023-12-28,26.475149154663086,0.13421679644904239,0.16624803358335427,1203683822.541415
2023Q3,2023Q4,4,SHUL4,2077467042.255373,2023-10-02,6.213778018951416,2023-12-28,5.680657863616943,-0.08579645969143224,0.16624803358335427,2677745.32457908
2023Q3,2023Q4,5,BRAP4,6138240680.607796,2023-10-02,15.698955535888672,2023-12-28,19.208810806274414,0.2235725340046999,0.16624803358335427,61906111.99636141
2023Q3,2023Q4,6,CXSE3,25523732185.36377,2023-10-02,8.759530067443848,2023-12-28,10.600765228271484,0.2101979383198731,0.16624803358335427,31145761.11737728
2023Q3,2023Q4,7,SLCE3,3256325538.0402527,2023-10-02,15.24167537689209,2023-12-28,14.752532958984375,-0.03209243116733107,0.16624803358335427,54797451.733617514
2023Q3,2023Q4,8,VULC3,2774295691.65802,2023-10-02,12.150734901428223,2023-12-28,13.028382301330566,0.07222998501919276,0.16624803358335427,6999161.0002880255
2023Q3,2023Q4,9,DIRR3,750849189.9967194,2023-10-02,4.716552257537842,2023-12-28,5.716671943664551,0.21204465285598184,0.16624803358335427,32696144.994556904
2023Q3,2023Q4,10,CMIG4,13771127306.863785,2023-10-02,6.591403961181641,2023-12-28,6.4548020362854,-0.020724253239631785,0.16624803358335427,116715188.14198072
2023Q3,2023Q4,11,CURY3,3265336680.834824,2023-10-02,12.257615089416504,2023-12-28,13.932302474975586,0.1366242432432916,0.16624803358335427,23352630.22286415
2023Q3,2023Q4,12,CMIN3,21414014998.76081,2023-10-02,3.609943389892578,2023-12-28,6.11472225189209,0.6938554407840858,0.16624803358335427,45624584.67037519
2023Q3,2023Q4,13,LAVV3,964801119.7887726,2023-10-02,5.185747146606445,2023-12-28,6.588273525238037,0.27045791840225086,0.16624803358335427,3044500.0180474916
2023Q3,2023Q4,14,VALE3,245696886631.6223,2023-10-02,52.55326461791992,2023-12-28,62.431617736816406,0.18796840102542567,0.16624803358335427,1292974991.6313045
2023Q3,2023Q4,15,ABEV3,171287597366.0431,2023-10-02,11.067215919494629,2023-12-28,12.215082168579102,0.10371770619045528,0.16624803358335427,283646603.4960556
2023Q4,2024Q1,1,ALOS3,11486265321.926352,2024-01-02,20.991348266601562,2024-03-28,19.499536514282227,-0.07106793395891076,-0.03459761712774212,74896251.0747628
2023Q4,2024Q1,2,KEPL3,1414931129.7988892,2024-01-02,8.76159381866455,2024-03-28,8.778203010559082,0.0018956815664232796,-0.03459761712774212,9129079.21467531
2023Q4,2024Q1,3,SHUL4,1874625117.5262165,2024-01-02,5.5920233726501465,2024-03-28,5.524991512298584,-0.011987049388850313,-0.03459761712774212,2263803.6629434493
2023Q4,2024Q1,4,BRAP4,6706377066.9384,2024-01-02,19.021663665771484,2024-03-28,15.413458824157715,-0.1896892356532699,-0.03459761712774212,68966006.30064167
2023Q4,2024Q1,5,PETR4,377998713120.71234,2024-01-02,26.859052658081055,2024-03-28,26.56046485900879,-0.01111684030234883,-0.03459761712774212,1132719153.6111646
2023Q4,2024Q1,6,ISAE4,1676251920.109026,2024-01-02,22.149761199951172,2024-03-28,20.983089447021484,-0.05267197882622132,-0.03459761712774212,45803949.65123036
2023Q4,2024Q1,7,CMIG4,14258921851.594448,2024-01-02,6.3760857582092285,2024-03-28,7.162895679473877,0.12340014722224035,-0.03459761712774212,103697457.64218307
2023Q4,2024Q1,8,VULC3,3034340810.897827,2024-01-02,12.756680488586426,2024-03-28,12.640040397644043,-0.009143451624953891,-0.03459761712774212,14504417.275461603
2023Q4,2024Q1,9,BBSE3,52642082214.35547,2024-01-02,26.04437828063965,2024-03-28,25.939878463745117,-0.004012375176266403,-0.03459761712774212,126245695.224837
2023Q4,2024Q1,10,FESA4,777205572.5097656,2024-01-02,9.491361618041992,2024-03-28,7.37862491607666,-0.22259574410791194,-0.03459761712774212,5383980.473523062
2023Q4,2024Q1,11,WIZC3,919266105.9505758,2024-01-02,5.895484447479248,2024-03-28,6.249386310577393,0.06002930993219113,-0.03459761712774212,2326181.0966397896
2023Q4,2024Q1,12,LAVV3,1156418613.89711,2024-01-02,6.416275501251221,2024-03-28,7.194519996643066,0.12129225050266035,-0.03459761712774212,4840054.338107344
2023Q4,2024Q1,13,CXSE3,34834605216.97998,2024-01-02,10.51858901977539,2024-03-28,12.83596420288086,0.2203123611682809,-0.03459761712774212,73016988.42484833
2023Q4,2024Q1,14,LEVE3,3687582786.178589,2024-01-02,27.37464141845703,2024-03-28,27.63041114807129,0.009343308856707422,-0.03459761712774212,15913387.833451442
2023Q4,2024Q1,15,PRIO3,38975976698.47085,2024-01-02,45.349998474121094,2024-03-28,48.7400016784668,0.0747520026109858,-0.03459761712774212,418781178.92880046
2024Q1,2024Q2,1,VLID3,1145342047.1035242,2024-04-01,14.566434860229492,2024-06-28,12.525854110717773,-0.14008786426410247,-0.024277502165524822,5057072.613473923
2024Q1,2024Q2,2,KEPL3,1449259703.788757,2024-04-01,8.76159381866455,2024-06-28,8.276162147521973,-0.05540449388426094,-0.024277502165524822,8307030.617638997
2024Q1,2024Q2,3,ISAE4,1634362238.6670494,2024-04-01,21.042268753051758,2024-06-28,22.200481414794922,0.055042195085317935,-0.024277502165524822,72729760.12686774
2024Q1,2024Q2,4,WIZC3,957913893.5882654,2024-04-01,6.318439960479736,2024-06-28,5.102016925811768,-0.1925195210014483,-0.024277502165524822,2626863.6586098443
2024Q1,2024Q2,5,SHUL4,1809951446.2182617,2024-04-01,5.442774772644043,2024-06-28,5.017064571380615,-0.07821565636026162,-0.024277502165524822,2505183.025958046
2024Q1,2024Q2,6,DIRR3,1033040178.5373688,2024-04-01,6.515831470489502,2024-06-28,6.789026260375977,0.04192784775416403,-0.024277502165524822,37645231.9649492
2024Q1,2024Q2,7,LEVE3,3319257528.772354,2024-04-01,27.102895736694336,2024-06-28,27.182228088378906,0.002927080281579064,-0.024277502165524822,10966536.894198826
2024Q1,2024Q2,8,POMO4,5394316478.6224985,2024-04-01,5.417346477508545,2024-06-28,4.639560222625732,-0.14357328963764537,-0.024277502165524822,36033129.63939727
2024Q1,2024Q2,9,BBSE3,51369255065.91797,2024-04-01,26.067501068115234,2024-06-28,26.266918182373047,0.007650028045907753,-0.024277502165524822,123277623.45253475
2024Q1,2024Q2,10,CURY3,4430419530.298737,2024-04-01,15.682555198669434,2024-06-28,17.051250457763672,0.08727501620465294,-0.024277502165524822,30000435.185924407
2024Q1,2024Q2,11,VULC3,3173002928.9245605,2024-04-01,12.304330825805664,2024-06-28,10.891243934631348,-0.11484467633222872,-0.024277502165524822,8491520.715353224
2024Q1,2024Q2,12,PETR4,389683670168.5369,2024-04-01,26.766632080078125,2024-06-28,29.857959747314453,0.1154918429030578,-0.024277502165524822,1200956493.7139025
2024Q1,2024Q2,13,CASH3,383985288.1830921,2024-04-01,7.589583873748779,2024-06-28,5.766111850738525,-0.24025981573474242,-0.024277502165524822,12101732.455877902
2024Q1,2024Q2,14,LAVV3,1314792402.70681,2024-04-01,7.156693935394287,2024-06-28,6.558385848999023,-0.0836011839819305,-0.024277502165524822,4892406.943672422
2024Q1,2024Q2,15,INTB3,6530726095.196705,2024-04-01,18.314716339111328,2024-06-28,20.54843521118164,0.12196306132791013,-0.024277502165524822,21646428.80571759
2024Q2,2024Q3,1,VLID3,1155729869.7434664,2024-07-01,12.468244552612305,2024-09-30,19.10550308227539,0.5323330402813178,0.05691239436168005,7883671.3393471455
2024Q2,2024Q3,2,SHUL4,1888757183.5402205,2024-07-01,5.033816337585449,2024-09-30,5.260717391967773,0.045075354197599005,0.05691239436168005,1521378.3842679225
2024Q2,2024Q3,3,DIRR3,1231497217.4167633,2024-07-01,6.880941867828369,2024-09-30,8.292414665222168,0.20512784797573946,0.05691239436168005,45578366.28411467
2024Q2,2024Q3,4,WIZC3,870144426.1117649,2024-07-01,5.0662760734558105,2024-09-30,5.155628681182861,0.01763674273401805,0.05691239436168005,2203108.2976846984
2024Q2,2024Q3,5,VULC3,3130900967.010498,2024-07-01,10.69242000579834,2024-09-30,12.649845123291016,0.1830666132111527,0.05691239436168005,9556323.936495636
2024Q2,2024Q3,6,CMIN3,22957424373.714207,2024-07-01,4.454984664916992,2024-09-30,5.640256404876709,0.2660551784372531,0.05691239436168005,55812145.06040631
2024Q2,2024Q3,7,POMO4,5039341636.737453,2024-07-01,4.464206695556641,2024-09-30,5.909455299377441,0.32374141754218067,0.05691239436168005,49200077.0879213
2024Q2,2024Q3,8,CXSE3,36826726913.45215,2024-07-01,12.122343063354492,2024-09-30,12.627924919128418,0.0417066117607483,0.05691239436168005,42874082.11309404
2024Q2,2024Q3,9,BBSE3,56107345581.05469,2024-07-01,26.17917251586914,2024-09-30,29.414039611816406,0.12356643793788269,0.05691239436168005,123910017.93251327
2024Q2,2024Q3,10,CMIG4,23830431654.813766,2024-07-01,7.821061134338379,2024-09-30,9.250565528869629,0.18277627165641364,0.05691239436168005,107480976.67886922
2024Q2,2024Q3,11,CURY3,5363385115.246216,2024-07-01,17.026416778564453,2024-09-30,18.5080509185791,0.08701972700914751,0.05691239436168005,34595313.140013725
2024Q2,2024Q3,12,LAVV3,1357372725.4570007,2024-07-01,6.4820356369018555,2024-09-30,6.148594856262207,-0.05144075091802791,0.05691239436168005,4499397.107005842
2024Q2,2024Q3,13,VALE3,236344379050.78125,2024-07-01,53.345367431640625,2024-09-30,55.618133544921875,0.04260475131591668,0.05691239436168005,1228912589.1214833
2024Q2,2024Q3,14,LEVE3,3844882717.813492,2024-07-01,26.56024742126465,2024-09-30,25.408740997314453,-0.04335450666879992,0.05691239436168005,10681449.05351003
2024Q2,2024Q3,15,PRIO3,42863479148.11228,2024-07-01,45.099998474121094,2024-09-30,43.33000183105469,-0.03924604662862796,0.05691239436168005,407118232.1939295
2024Q3,2024Q4,1,VLID3,1650999790.772438,2024-10-01,18.962421417236328,2024-12-30,21.05840492248535,0.11053353678469735,-0.09216951583078603,10158209.27362911
2024Q3,2024Q4,2,SHUL4,1919788596.648674,2024-10-01,5.269271373748779,2024-12-30,4.978435039520264,-0.05519479138566408,-0.09216951583078603,2307256.100459959
2024Q3,2024Q4,3,CMIG4,26403438886.32965,2024-10-01,9.266797065734863,2024-12-30,9.177132606506348,-0.009675884622537101,-0.09216951583078603,123871147.1811748
2024Q3,2024Q4,4,VULC3,3387703656.463623,2024-10-01,12.905245780944824,2024-12-30,11.927446365356445,-0.07576759344112172,-0.09216951583078603,8210491.4571433775
2024Q3,2024Q4,5,WIZC3,830137791.9658003,2024-10-01,5.2360453605651855,2024-12-30,4.976923942565918,-0.04948800099227901,-0.09216951583078603,2422609.3484135927
2024Q3,2024Q4,6,DIRR3,1487722259.5214844,2024-10-01,8.349982261657715,2024-12-30,7.291841983795166,-0.1267236557760636,-0.09216951583078603,53819389.06120238
2024Q3,2024Q4,7,BBSE3,56789810180.66406,2024-10-01,29.621179580688477,2024-12-30,29.977460861206055,0.012027923450754763,-0.09216951583078603,138933128.78996113
2024Q3,2024Q4,8,TECN3,315874770.068419,2024-10-01,4.384903907775879,2024-12-30,4.981612682342529,0.136082520191261,-0.09216951583078603,719812.7586708694
2024Q3,2024Q4,9,CXSE3,37493219375.61035,2024-10-01,12.558493614196777,2024-12-30,12.56248950958252,0.0003181826983791325,-0.09216951583078603,58407327.44565088
2024Q3,2024Q4,10,PETR4,378037999277.65753,2024-10-01,29.836109161376953,2024-12-30,31.528175354003906,0.05671202580319501,-0.09216951583078603,988916416.8849976
2024Q3,2024Q4,11,POMO4,7145502472.723436,2024-10-01,5.954055309295654,2024-12-30,5.567115306854248,-0.06498763990944179,-0.09216951583078603,77350514.7327721
2024Q3,2024Q4,12,CYRE3,7677402049.526215,2024-10-01,18.20756721496582,2024-12-30,14.974200248718262,-0.17758368968644378,-0.09216951583078603,129288634.3163506
2024Q3,2024Q4,13,LEVE3,3410838025.0091558,2024-10-01,25.526416778564453,2024-12-30,23.66633415222168,-0.07286892800029654,-0.09216951583078603,10142539.257434158
2024Q3,2024Q4,14,PLPL3,2508827052.048683,2024-10-01,11.092900276184082,2024-12-30,7.990722179412842,-0.2796543752792465,-0.09216951583078603,10974100.445927167
2024Q3,2024Q4,15,PRIO3,36556615686.96737,2024-10-01,44.2599983215332,2024-12-30,40.150001525878906,-0.09286030166103099,-0.09216951583078603,367109702.75442404
2024Q4,2025Q1,1,DIRR3,1368818594.9325562,2025-01-02,7.2973246574401855,2025-03-31,9.048555374145508,0.2399825688062005,0.08437044745057243,48782125.3797195
2024Q4,2025Q1,2,SYNE3,435767652.3275376,2025-01-02,3.0636849403381348,2025-03-31,2.8141801357269287,-0.08143944611473941,0.08437044745057243,1966751.5535765006
2024Q4,2025Q1,3,LAVV3,1397318472.2647324,2025-01-02,5.994414806365967,2025-03-31,7.8163065910339355,0.30393155020455875,0.08437044745057243,4129178.661448057
2024Q4,2025Q1,4,VLID3,1690720608.0625055,2025-01-02,18.631921768188477,2025-03-31,21.670814514160156,0.1631014118554417,0.08437044745057243,9694198.354614759
2024Q4,2025Q1,5,CURY3,5303800149.45694,2025-01-02,14.700231552124023,2025-03-31,21.193859100341797,0.4417364124634835,0.08437044745057243,36731920.18448095
2024Q4,2025Q1,6,WIZC3,852998605.9424839,2025-01-02,4.950117588043213,2025-03-31,5.379009246826172,0.08664272134038331,0.08437044745057243,2289082.3984748027
2024Q4,2025Q1,7,GRND3,3585760265.12146,2025-01-02,3.411797046661377,2025-03-31,3.8217685222625732,0.12016291414589708,0.08437044745057243,5440998.577044831
2024Q4,2025Q1,8,VULC3,3588140594.696045,2025-01-02,11.927446365356445,2025-03-31,12.395800590515137,0.039266931982946174,0.08437044745057243,9243577.77487489
2024Q4,2025Q1,9,PLPL3,1755468338.9911652,2025-01-02,7.938438415527344,2025-03-31,11.342744827270508,0.4288382970993949,0.08437044745057243,11480624.18009805
2024Q4,2025Q1,10,CXSE3,38824710845.94727,2025-01-02,12.712359428405762,2025-03-31,13.437013626098633,0.05700391038925723,0.08437044745057243,60620853.43044469
2024Q4,2025Q1,11,CMIG4,25908368744.104385,2025-01-02,9.152353286743164,2025-03-31,8.628229141235352,-0.057266598992303575,0.08437044745057243,117707119.17955367
2024Q4,2025Q1,12,SHUL4,1901446562.0964336,2025-01-02,4.934849739074707,2025-03-31,4.9198713302612305,-0.003035230980768411,0.08437044745057243,1392345.9226061087
2024Q4,2025Q1,13,POMO4,7140045839.225474,2025-01-02,5.778334140777588,2025-03-31,4.7599287033081055,-0.17624550824823637,0.08437044745057243,83134678.83492923
2024Q4,2025Q1,14,SBSP3,11829479990.30662,2025-01-02,16.190622329711914,2025-03-31,18.666702270507812,0.15293296887371444,0.08437044745057243,283901951.51871717
2024Q4,2025Q1,15,CYRE3,6930643066.40625,2025-01-02,14.638494491577148,2025-03-31,21.114063262939453,0.44236576207261513,0.08437044745057243,103864213.45326158
2025Q1,2025Q2,1,DIRR3,1815677526.473999,2025-04-01,9.180987358093262,2025-06-30,12.333094596862793,0.3433298746447868,0.05877374244168765,63810620.211879544
2025Q1,2025Q2,2,VLID3,1877380649.6081352,2025-04-01,22.68113136291504,2025-06-30,23.73779296875,0.046587693926179785,0.05877374244168765,8087833.558066946
2025Q1,2025Q2,3,WIZC3,852998605.9424839,2025-04-01,5.3075270652771,2025-06-30,7.2692551612854,0.3696124526320963,0.05877374244168765,2828651.4395690355
2025Q1,2025Q2,4,CURY3,6941880939.852814,2025-04-01,21.84996223449707,2025-06-30,25.988807678222656,0.1894211715016656,0.05877374244168765,58087942.057875335
2025Q1,2025Q2,5,SHUL4,1726728181.496315,2025-04-01,4.893420219421387,2025-06-30,4.826173782348633,-0.013742215885294451,0.05877374244168765,2305443.4937938317
2025Q1,2025Q2,6,VULC3,3631659161.8652334,2025-04-01,12.47425365447998,2025-06-30,16.857851028442383,0.3514115950646943,0.05877374244168765,11348349.613097457
2025Q1,2025Q2,7,CXSE3,44231297492.98096,2025-04-01,13.545159339904785,2025-06-30,13.503009796142578,-0.003111779101633183,0.05877374244168765,67739418.50799341
2025Q1,2025Q2,8,JHSF3,3188831766.968242,2025-04-01,3.913980007171631,2025-06-30,4.956840515136719,0.2664450268152221,0.05877374244168765,17915647.86085496
2025Q1,2025Q2,9,ABEV3,217605229280.3545,2025-04-01,12.896341323852539,2025-06-30,12.73466682434082,-0.012536462509153079,0.05877374244168765,391790419.86235636
2025Q1,2025Q2,10,CBAV3,2548038651.025772,2025-04-01,5.168340682983398,2025-06-30,4.789926528930664,-0.07321772639691715,0.05877374244168765,26473816.605158713
2025Q1,2025Q2,11,ITSA4,102204708310.46486,2025-04-01,8.314711570739746,2025-06-30,9.718390464782715,0.16881871152123273,0.05877374244168765,291244251.92103577
2025Q1,2025Q2,12,BLAU3,1666290136.2039022,2025-04-01,9.281246185302734,2025-06-30,9.921579360961914,0.0689921550268946,0.05877374244168765,4380370.427876457
2025Q1,2025Q2,13,CPFE3,40760086550.61279,2025-04-01,35.66135025024414,2025-06-30,37.84734344482422,0.061298665901331484,0.05877374244168765,51762331.30754565
2025Q1,2025Q2,14,MDNE3,1127380919.507146,2025-04-01,12.123952865600586,2025-06-30,19.19996452331543,0.5836389943243414,0.05877374244168765,11088775.495038267
2025Q1,2025Q2,15,PLPL3,2297063647.0985413,2025-04-01,11.227002143859863,2025-06-30,15.142949104309082,0.34879720430007044,0.05877374244168765,14089773.335303634
2025Q2,2025Q3,1,DIRR3,2043863046.169281,2025-07-01,12.472077369689941,2025-09-30,14.656503677368164,0.1751453461142638,0.047925818171395074,55636417.70120967
2025Q2,2025Q3,2,LAVV3,2045968655.719208,2025-07-01,10.66506576538086,2025-09-30,12.880311965942383,0.20771050542906933,0.047925818171395074,5718240.865473314
2025Q2,2025Q3,3,WIZC3,1120679396.864439,2025-07-01,7.054905414581299,2025-09-30,8.135973930358887,0.15323642944144966,0.047925818171395074,2931306.0841365294
2025Q2,2025Q3,4,VULC3,4144991640.975952,2025-07-01,17.04170036315918,2025-09-30,16.80857276916504,-0.01367983176714671,0.047925818171395074,14887775.86309982
2025Q2,2025Q3,5,CXSE3,37999620437.62207,2025-07-01,13.594930648803711,2025-09-30,14.210866928100586,0.045306320069464556,0.047925818171395074,58169615.723345496
2025Q2,2025Q3,6,BBSE3,59296775817.87109,2025-07-01,32.0501708984375,2025-09-30,30.963855743408203,-0.03389420788025366,0.047925818171395074,191133492.84496018
2025Q2,2025Q3,7,JHSF3,3263156515.4016685,2025-07-01,5.059140205383301,2025-09-30,6.122243881225586,0.2101352468372124,0.047925818171395074,18893392.563093793
2025Q2,2025Q3,8,ITSA4,100987772948.61604,2025-07-01,9.76276683807373,2025-09-30,10.375054359436035,0.06271659781676342,0.047925818171395074,208815669.26892072
2025Q2,2025Q3,9,UNIP6,5272359064.709721,2025-07-01,48.87483596801758,2025-09-30,63.71449279785156,0.3036257111848861,0.047925818171395074,9283706.700174736
2025Q2,2025Q3,10,MDNE3,1598443665.8263206,2025-07-01,19.557987213134766,2025-09-30,24.91999053955078,0.2741592612768966,0.047925818171395074,15414116.880376412
2025Q2,2025Q3,11,POMO4,7389017542.983692,2025-07-01,6.274554252624512,2025-09-30,7.141429901123047,0.13815732777128176,0.047925818171395074,64821768.485311665
2025Q2,2025Q3,12,ABEV3,187759869215.39496,2025-07-01,12.792030334472656,2025-09-30,11.558717727661133,-0.09641257678133597,0.047925818171395074,354024952.8123162
2025Q2,2025Q3,13,PLPL3,2556663212.6140594,2025-07-01,15.142949104309082,2025-09-30,16.464340209960938,0.08726114685783637,0.047925818171395074,13179639.372198509
2025Q2,2025Q3,14,BLAU3,1594011166.8580065,2025-07-01,9.597814559936523,2025-09-30,10.069489479064941,0.04914399170591377,0.047925818171395074,3342338.1298387414
2025Q2,2025Q3,15,RECV3,3474658519.2837296,2025-07-01,12.969107627868652,2025-09-30,11.125200271606445,-0.14217688750611712,0.047925818171395074,25420046.414724987
2025Q3,2025Q4,1,LAVV3,2522316777.509674,2025-10-01,12.776717185974121,2025-12-30,15.061273574829102,0.17880621098531435,0.10725894569019423,7276286.308027083
2025Q3,2025Q4,2,WIZC3,1238410511.0391102,2025-10-01,7.930944442749023,2025-12-30,8.612533569335938,0.0859404742407528,0.10725894569019423,3022655.6551571814
2025Q3,2025Q4,3,SHUL4,1585604174.0052605,2025-10-01,4.300152778625488,2025-12-30,4.9760355949401855,0.15717646583960176,0.10725894569019423,2280134.549866184
2025Q3,2025Q4,4,DIRR3,8010853074.073791,2025-10-01,14.656503677368164,2025-12-30,14.119999885559082,-0.03660516884647769,0.10725894569019423,95339525.26067303
2025Q3,2025Q4,5,CURY3,8978213053.619568,2025-10-01,30.365474700927734,2025-12-30,31.278087615966797,0.0300542943598765,0.10725894569019423,79623609.18862127
2025Q3,2025Q4,6,VULC3,5133870830.505371,2025-10-01,17.022098541259766,2025-12-30,20.049999237060547,0.177880576149966,0.10725894569019423,21791124.211301588
2025Q3,2025Q4,7,BBSE3,61164318084.7168,2025-10-01,31.103500366210938,2025-12-30,33.65434265136719,0.08201142170890008,0.10725894569019423,153617209.75466082
2025Q3,2025Q4,8,POMO4,7185658115.503146,2025-10-01,6.925022602081299,2025-12-30,5.894147872924805,-0.14886229091103143,0.10725894569019423,106310412.7896369
2025Q3,2025Q4,9,JHSF3,4248588399.837708,2025-10-01,6.151974678039551,2025-12-30,7.607335090637207,0.2365680108848296,0.10725894569019423,23449165.468381297
2025Q3,2025Q4,10,ABEV3,191527116427.5532,2025-10-01,11.463111877441406,2025-12-30,13.859999656677246,0.20909573289193362,0.10725894569019423,389088370.8858675
2025Q3,2025Q4,11,GRND3,3570852689.2089844,2025-10-01,3.905439853668213,2025-12-30,4.441206455230713,0.13718470175882436,0.10725894569019423,21969166.68364694
2025Q3,2025Q4,12,MDNE3,1954753129.8995016,2025-10-01,24.104032516479492,2025-12-30,23.31426239013672,-0.032765062269262235,0.10725894569019423,18838137.733228747
2025Q3,2025Q4,13,ITSA4,115851355598.19984,2025-10-01,10.221282958984375,2025-12-30,11.537679672241211,0.1287897731174481,0.10725894569019423,298376512.67142314
2025Q3,2025Q4,14,BLAU3,1738827783.6387186,2025-10-01,9.975314140319824,2025-12-30,10.726459503173828,0.07530042185016561,0.10725894569019423,3275196.0442284616
2025Q3,2025Q4,15,VALE3,281479832768.69965,2025-10-01,55.409263610839844,2025-12-30,71.95999908447266,0.2986997912456457,0.10725894569019423,1441916569.2155468
2025Q4,2026Q1,1,JHSF3,6241883183.898605,2026-01-02,7.520997524261475,2026-03-31,9.16159725189209,0.21813592177610963,0.1677037978310567,37884544.55501525
2025Q4,2026Q1,2,WIZC3,1534689984.665329,2026-01-02,8.467703819274902,2026-03-31,8.622188568115234,0.018243995318858452,0.1677037978310567,5058382.132534903
2025Q4,2026Q1,3,BBSE3,69468521118.16406,2026-01-02,33.272647857666016,2026-03-31,34.810001373291016,0.04620472413862298,0.1677037978310567,234147771.2183843
2025Q4,2026Q1,4,CURY3,10328701488.437485,2026-01-02,30.58905792236328,2026-03-31,34.77491760253906,0.13684173245216402,0.1677037978310567,115702760.10896026
2025Q4,2026Q1,5,DIRR3,7260974900.722504,2026-01-02,13.630000114440918,2026-03-31,13.300000190734863,-0.02421129280523049,0.1677037978310567,115139319.21360454
2025Q4,2026Q1,6,CXSE3,49897293090.82031,2026-01-02,15.892572402954102,2026-03-31,18.015256881713867,0.13356456242195258,0.1677037978310567,79029057.15071724
2025Q4,2026Q1,7,SHUL4,1880430460.5010035,2026-01-02,4.847939968109131,2026-03-31,5.179999828338623,0.06849504375340021,0.1677037978310567,2184859.839974857
2025Q4,2026Q1,8,VULC3,5703366184.883118,2026-01-02,19.90999984741211,2026-03-31,17.520000457763672,-0.12004015107810706,0.1677037978310567,31210535.44603567
2025Q4,2026Q1,9,GRND3,4320245096.054077,2026-01-02,4.383277893066406,2026-03-31,4.57637357711792,0.044052804490666286,0.1677037978310567,21445083.87460787
2025Q4,2026Q1,10,LAVV3,3295309202.0312805,2026-01-02,14.835071563720703,2026-03-31,14.260000228881836,-0.038764311474250635,0.1677037978310567,12684351.113843136
2025Q4,2026Q1,11,ABEV3,234060345162.58813,2026-01-02,13.649999618530273,2026-03-31,15.25,0.11721614843839845,0.1677037978310567,414942341.56699574
2025Q4,2026Q1,12,PETR4,472173688071.3357,2026-01-02,29.79472541809082,2026-03-31,47.21944808959961,0.5848257511018649,0.1677037978310567,1967042406.6195817
2025Q4,2026Q1,13,ITSA4,151312470978.07407,2026-01-02,11.488288879394531,2026-03-31,13.953766822814941,0.21460793415828072,0.1677037978310567,439808583.7430876
2025Q4,2026Q1,14,FIQE3,2127131792.7321053,2026-01-02,4.889999866485596,2026-03-31,7.010000228881836,0.43353791825762733,0.1677037978310567,3802857.595346795
2025Q4,2026Q1,15,EVEN3,1548444843.2922363,2026-01-02,7.303985595703125,2026-03-31,7.089735507965088,-0.029333311920012317,0.1677037978310567,4992719.516477428
