SETOR_ATIV,DENOM_CIA,ticker,DT_FIM_EXERC,roe,margem_liquida,cagr_lucro_5a,dl_ebitda,p_l,rank_magic
"Agricultura (Açúcar, Álcool e Cana)",BRASILAGRO - CIA BRAS DE PROP AGRICOLAS,AGRO3,2019-03-31,21.02,38.14,,0.9789169139465876,4.72,13.0
"Agricultura (Açúcar, Álcool e Cana)",SLC AGRICOLA S.A.,SLCE3,2019-03-31,15.38,14.55,,1.5264297823838167,6.0,21.0
"Construção Civil, Mat. Constr. e Decoração",MRV ENGENHARIA E PARTICIPACOES S.A.,MRVE3,2019-03-31,15.53,13.04,,0.7490636395625134,8.83,36.0
Educação,SER EDUCACIONAL S.A.,SEER3,2019-03-31,14.7,18.44,,-1.3160093909835378,10.68,14.0
Educação,ANIMA HOLDING S.A.,ANIM3,2019-03-31,21.68,13.49,,1.3975104994181045,13.95,29.0
"Emp. Adm. Part. - Const. Civil, Mat. Const. e Decoração",TRISUL S.A.,TRIS3,2019-03-31,18.26,16.0,,1.0544495050045,5.06,21.0
Emp. Adm. Part. - Educação,YDUQS PARTICIPACOES S.A.,YDUQ3,2019-03-31,33.96,25.82,,0.2742195994053004,6.19,16.0
Emp. Adm. Part. - Energia Elétrica,ENERGISA TRANSMISSÃO DE ENERGIA S/A,AFLT3,2019-03-31,31.6,21.74,,0.9446999076638966,3.03,9.0
Emp. Adm. Part. - Intermediação Financeira,ITAÚSA S.A.,ITSA4,2019-03-31,18.75,233.52,,0.08217027215631542,6.23,22.0
Emp. Adm. Part. - Sem Setor Principal,CIA PARTICIPACOES ALIANCA DA BAHIA,PEAB4,2019-03-31,10.2,14.69,,-3.416843747924829,6.99,21.0
Energia Elétrica,RIO PARANAPANEMA ENERGIA S.A.,GEPA3,2019-03-31,20.65,23.51,,0.5043970013321608,3.84,9.0
Energia Elétrica,LIGHT ENERGIA S.A.,ISAE4,2019-03-31,141.43,53.19,,0.2785847987607218,13.15,18.0
Energia Elétrica,CIA ENERGETICA DE MINAS GERAIS - CEMIG,CMIG4,2019-03-31,19.05,13.48,,2.1855003722455364,3.06,21.0
Farmacêutico e Higiene,HYPERA S.A.,HYPE3,2019-03-31,15.25,83.73,,-0.39752003109303996,11.67,27.0
Metalurgia e Siderurgia,CIA FERRO LIGAS DA BAHIA - FERBASA,FESA4,2019-03-31,10.29,13.21,,0.28853014852863035,6.16,27.0
"Saneamento, Serv. Água e Gás",CIA SANEAMENTO DE MINAS GERAIS-COPASA MG,CSMG3,2019-03-31,11.74,15.41,,1.3490771927874765,6.11,32.0
Seguradoras e Corretoras,WIZ CO PARTICIPAÇÕES E CORRETAGEM DE SEGUROS S.A.,WIZC3,2019-03-31,97.01,36.68,,-0.33423988761435935,3.19,3.0
Seguradoras e Corretoras,QUALICORP CONSULTORIA E CORRETORA DE SEGUROS S.A.,QUAL3,2019-03-31,15.81,20.76,,-0.039969088930838406,10.32,21.0
Têxtil e Vestuário,GRENDENE S.A.,GRND3,2019-03-31,8.93,18.08,,-8.345971304624692,9.74,38.0
Seguradoras e Corretoras,WIZ CO PARTICIPAÇÕES E CORRETAGEM DE SEGUROS S.A.,WIZC3,2019-06-30,113.55,34.66,,-0.1602880352307555,5.43,4.0
Energia Elétrica,RIO PARANAPANEMA ENERGIA S.A.,GEPA3,2019-06-30,18.23,22.62,,0.3634516831656155,4.87,6.0
Emp. Adm. Part. - Energia Elétrica,ALUPAR INVESTIMENTO S/A,ALUP11,2019-06-30,25.25,45.41,,1.1458043156329292,4.62,11.0
Educação,SER EDUCACIONAL S.A.,SEER3,2019-06-30,17.36,18.08,,-0.5044794900089709,13.07,12.0
Emp. Adm. Part. - Educação,YDUQS PARTICIPACOES S.A.,YDUQ3,2019-06-30,28.72,23.05,,0.3755909157677594,8.8,12.0
"Agricultura (Açúcar, Álcool e Cana)",BRASILAGRO - CIA BRAS DE PROP AGRICOLAS,AGRO3,2019-06-30,20.11,31.88,,0.9353715575792793,5.36,13.0
Emp. Adm. Part. - Telecomunicações,TIM PARTICIPACOES S.A.,TIMS3,2019-06-30,19.53,25.34,,0.10740503613401607,4.24,13.0
Emp. Adm. Part. - Intermediação Financeira,ITAÚSA S.A.,ITSA4,2019-06-30,17.99,224.93,,0.09680025856496445,6.56,14.0
Seguradoras e Corretoras,QUALICORP CONSULTORIA E CORRETORA DE SEGUROS S.A.,QUAL3,2019-06-30,17.41,21.47,,0.003759476444132804,12.96,15.0
"Construção Civil, Mat. Constr. e Decoração",CONSTRUTORA TENDA S.A.,TEND3,2019-06-30,19.71,13.74,,-0.45056287104683435,11.15,16.0
Emp. Adm. Part. - Energia Elétrica,TRANSMISSORA ALIANÇA DE ENERGIA ELÉTRICA S.A.,TAEE11,2019-06-30,25.06,71.91,,2.7764098196981264,3.92,24.0
"Máquinas, Equipamentos, Veículos e Peças",ROMI S.A.,ROMI3,2019-06-30,22.16,28.74,,1.9403372879694087,3.14,24.0
Energia Elétrica,ENGIE BRASIL ENERGIA S.A.,EGIE3,2019-06-30,26.43,21.06,,2.638815161220948,14.14,27.0
Farmacêutico e Higiene,HYPERA S.A.,HYPE3,2019-06-30,15.38,48.5,,-0.5018299465193745,12.37,27.0
Metalurgia e Siderurgia,CIA SIDERURGICA NACIONAL,CSNA3,2019-06-30,32.04,15.35,,1.174542870324704,3.49,27.0
"Emp. Adm. Part. - Const. Civil, Mat. Const. e Decoração",TRISUL S.A.,TRIS3,2019-06-30,17.42,15.74,,1.3976043726014653,8.71,31.0
"Construção Civil, Mat. Constr. e Decoração",MRV ENGENHARIA E PARTICIPACOES S.A.,MRVE3,2019-06-30,16.15,13.07,,0.7081369142088464,12.37,31.0
Têxtil e Vestuário,GRENDENE S.A.,GRND3,2019-06-30,6.88,14.34,,-11.71030173925468,13.4,35.0
Emp. Adm. Part. - Sem Setor Principal,SAO CARLOS EMPREEND E PARTICIPACOES S.A.,SCAR3,2019-06-30,8.95,35.44,,,9.17,
Seguradoras e Corretoras,WIZ CO PARTICIPAÇÕES E CORRETAGEM DE SEGUROS S.A.,WIZC3,2019-09-30,89.66,34.67,,-0.30303877809614044,4.78,2.0
Energia Elétrica,RIO PARANAPANEMA ENERGIA S.A.,GEPA3,2019-09-30,15.68,20.45,,0.2305147645171414,5.48,8.0
Serviços Transporte e Logística,TEGMA GESTAO LOGISTICA S.A.,TGMA3,2019-09-30,34.74,15.53,,0.3902506330757743,6.88,10.0
Emp. Adm. Part. - Energia Elétrica,ENERGISA TRANSMISSÃO DE ENERGIA S/A,AFLT3,2019-09-30,35.1,20.52,,1.6198921416420915,5.35,10.0
Emp. Adm. Part. - Energia Elétrica,ALUPAR INVESTIMENTO S/A,ALUP11,2019-09-30,22.99,40.12,,1.430628726570747,4.43,11.0
Educação,SER EDUCACIONAL S.A.,SEER3,2019-09-30,14.06,15.01,,-0.5250544418256607,14.85,13.0
Emp. Adm. Part. - Telecomunicações,TIM PARTICIPACOES S.A.,TIMS3,2019-09-30,16.57,21.14,,0.05446000012353559,4.77,14.0
Emp. Adm. Part. - Intermediação Financeira,ITAÚSA S.A.,ITSA4,2019-09-30,16.77,196.99,,0.1117980714690868,7.99,17.0
Emp. Adm. Part. - Educação,YDUQS PARTICIPACOES S.A.,YDUQ3,2019-09-30,24.56,21.6,,0.403940465462065,11.19,18.0
"Emp. Adm. Part. - Const. Civil, Mat. Const. e Decoração",TRISUL S.A.,TRIS3,2019-09-30,12.61,17.66,,-1.0375534554875765,10.84,19.0
Metalurgia e Siderurgia,CIA FERRO LIGAS DA BAHIA - FERBASA,FESA4,2019-09-30,15.91,22.41,,0.7056024766198556,3.41,20.0
Energia Elétrica,ENGIE BRASIL ENERGIA S.A.,EGIE3,2019-09-30,29.82,24.16,,2.3826227596198533,11.16,22.0
"Máquinas, Equipamentos, Veículos e Peças",ROMI S.A.,ROMI3,2019-09-30,19.56,20.71,,1.3781273674463848,3.44,23.0
Têxtil e Vestuário,GRENDENE S.A.,GRND3,2019-09-30,10.59,20.27,,-4.872469695710504,10.95,26.0
"Agricultura (Açúcar, Álcool e Cana)",BRASILAGRO - CIA BRAS DE PROP AGRICOLAS,AGRO3,2019-09-30,17.29,18.49,,1.138308428671492,5.93,27.0
Energia Elétrica,CPFL GERACAO DE ENERGIA S.A.,CBEE3,2019-09-30,15.69,27.52,,,10.23,
"Construção Civil, Mat. Constr. e Decoração",INC EMPREENDIMENTOS IMOBILIÁRIOS S.A.,LAVV3,2019-09-30,160.71,22.55,,,10.32,
Seguradoras e Corretoras,WIZ CO PARTICIPAÇÕES E CORRETAGEM DE SEGUROS S.A.,WIZC3,2019-12-31,113.61,32.8,,-0.12327237530821473,7.05,2.0
Extração Mineral,CSN MINERAÇÃO S.A.,CMIN3,2019-12-31,39.16,31.99,,0.17443989929693324,6.93,6.0
Energia Elétrica,RIO PARANAPANEMA ENERGIA S.A.,GEPA3,2019-12-31,15.89,17.82,,0.3646289321351623,7.25,9.0
Têxtil e Vestuário,C&A MODAS S.A.,CEAB3,2019-12-31,35.48,18.39,,0.7302916758974569,4.5,13.0
Emp. Adm. Part. - Intermediação Financeira,ITAÚSA S.A.,ITSA4,2019-12-31,18.11,211.04,,0.04356751824817518,6.57,16.0
Serviços Transporte e Logística,TEGMA GESTAO LOGISTICA S.A.,TGMA3,2019-12-31,33.73,14.4,,0.5004797397121562,8.91,16.0
"Construção Civil, Mat. Constr. e Decoração",CURY CONSTRUTORA E INCORPORADORA S.A.,CURY3,2019-12-31,56.09,20.02,,-0.07666544384298944,10.4,17.0
Emp. Adm. Part. - Telecomunicações,TIM PARTICIPACOES S.A.,TIMS3,2019-12-31,16.15,20.84,,-0.08779505404376707,7.06,18.0
"Máquinas, Equipamentos, Veículos e Peças",WHIRLPOOL S.A.,WHRL3,2019-12-31,58.84,22.94,,-1.152051444575308,4.47,21.0
Emp. Adm. Part. - Energia Elétrica,ALUPAR INVESTIMENTO S/A,ALUP11,2019-12-31,21.77,35.74,,1.819607646886107,5.67,21.0
"Construção Civil, Mat. Constr. e Decoração",HBR REALTY EMPREENDIMENTOS IMOBILIÁRIOS S.A.,HBRE3,2019-12-31,20.11,409.85,,1.83187588498905,5.59,23.0
Energia Elétrica,ENGIE BRASIL ENERGIA S.A.,EGIE3,2019-12-31,33.02,23.57,,2.1117270402836934,12.97,26.0
"Saneamento, Serv. Água e Gás",CIA SANEAMENTO DE MINAS GERAIS-COPASA MG,CSMG3,2019-12-31,11.19,14.63,,1.1950225035203972,5.96,26.0
"Construção Civil, Mat. Constr. e Decoração",CONSTRUTORA TENDA S.A.,TEND3,2019-12-31,19.56,13.56,,-0.6204335863465898,14.89,27.0
"Emp. Adm. Part. - Const. Civil, Mat. Const. e Decoração",JHSF PARTICIPACOES S.A.,JHSF3,2019-12-31,10.69,51.3,,0.9867275099705859,10.73,28.0
Petróleo e Gás,PRIO S.A.,PRIO3,2019-12-31,38.91,51.23,,1.1334667902717244,9.14,30.0
Energia Elétrica,CPFL GERACAO DE ENERGIA S.A.,CBEE3,2019-12-31,17.64,30.79,,1.2529664364183224,8.27,31.0
"Emp. Adm. Part. - Const. Civil, Mat. Const. e Decoração",TRISUL S.A.,TRIS3,2019-12-31,13.82,18.91,,-1.0057178392181034,13.39,32.0
"Máquinas, Equipamentos, Veículos e Peças",ROMI S.A.,ROMI3,2019-12-31,17.12,16.97,,1.4560022022442607,4.71,32.0
Têxtil e Vestuário,GRENDENE S.A.,GRND3,2019-12-31,13.44,23.9,,-2.6865815438189204,9.77,34.0
Metalurgia e Siderurgia,CIA FERRO LIGAS DA BAHIA - FERBASA,FESA4,2019-12-31,12.05,17.31,,1.0504854560135495,5.04,34.0
Seguradoras e Corretoras,WIZ CO PARTICIPAÇÕES E CORRETAGEM DE SEGUROS S.A.,WIZC3,2020-03-31,82.18,30.07,,-0.3305742011715313,4.94,4.0
Emp. Adm. Part. - Energia Elétrica,TRANSMISSORA ALIANÇA DE ENERGIA ELÉTRICA S.A.,TAEE11,2020-03-31,27.46,52.75,,2.440372358125191,3.44,7.0
"Agricultura (Açúcar, Álcool e Cana)",SAO MARTINHO S.A.,SMTO3,2020-03-31,19.09,17.3,,1.6050399996063653,7.64,9.0
Emp. Adm. Part. - Educação,YDUQS PARTICIPACOES S.A.,YDUQ3,2020-03-31,20.5,18.18,,0.5880161879106146,10.1,10.0
"Agricultura (Açúcar, Álcool e Cana)",SLC AGRICOLA S.A.,SLCE3,2020-03-31,21.58,16.87,,1.3292137488740265,5.24,10.0
Emp. Adm. Part. - Energia Elétrica,ALUPAR INVESTIMENTO S/A,ALUP11,2020-03-31,19.31,31.02,,2.137305990514363,4.64,12.0
Energia Elétrica,ENGIE BRASIL ENERGIA S.A.,EGIE3,2020-03-31,30.35,19.73,,2.390961452408267,11.0,13.0
"Construção Civil, Mat. Constr. e Decoração",CONSTRUTORA ADOLPHO LINDENBERG S.A.,CALI3,2020-03-31,205.93,50.44,,-0.024929775280898875,12.79,14.0
"Emp. Adm. Part. - Const. Civil, Mat. Const. e Decoração",TRISUL S.A.,TRIS3,2020-03-31,11.92,19.6,,-0.6484799341004454,7.52,15.0
Emp. Adm. Part. - Intermediação Financeira,ITAÚSA S.A.,ITSA4,2020-03-31,7.6,89.93,,0.14054726368159204,12.05,19.0
"Emp. Adm. Part. - Const. Civil, Mat. Const. e Decoração",MULTIPLAN - EMPREEND IMOBILIARIOS S.A.,MULT3,2020-03-31,12.24,55.42,,1.6034737405219333,11.68,22.0
Energia Elétrica,CPFL GERACAO DE ENERGIA S.A.,CBEE3,2020-03-31,12.45,25.82,,2.1867797151816566,9.52,22.0
"Agricultura (Açúcar, Álcool e Cana)",BRASILAGRO - CIA BRAS DE PROP AGRICOLAS,AGRO3,2020-03-31,8.93,20.54,,2.5125754897628516,12.47,25.0
"Agricultura (Açúcar, Álcool e Cana)",BRASILAGRO - CIA BRAS DE PROP AGRICOLAS,AGRO3,2020-06-30,10.66,16.95,,2.2064952590487814,10.54,18.0
"Agricultura (Açúcar, Álcool e Cana)",SLC AGRICOLA S.A.,SLCE3,2020-06-30,25.6,19.93,,,4.04,
"Construção Civil, Mat. Constr. e Decoração",CURY CONSTRUTORA E INCORPORADORA S.A.,CURY3,2020-06-30,39.08,16.66,,-0.4615538379530917,12.94,14.0
"Construção Civil, Mat. Constr. e Decoração",PLANO & PLANO DESENVOLVIMENTO IMOBILIÁRIO S.A.,PLPL3,2020-06-30,79.72,14.62,,0.6298411998235554,12.09,14.0
"Construção Civil, Mat. Constr. e Decoração",LAVVI EMPREENDIMENTOS IMOBILIÁRIOS S.A.,LAVV3,2020-06-30,26.47,34.36,,0.0937788973565894,12.22,22.0
Educação,SER EDUCACIONAL S.A.,SEER3,2020-06-30,16.1,15.95,,-0.0732445469533355,8.27,10.0
"Emp. Adm. Part. - Const. Civil, Mat. Const. e Decoração",HOUSI S.A.,HOSI11,2020-06-30,27.29,98.37,,-0.008856872933396315,3.75,10.0
"Emp. Adm. Part. - Const. Civil, Mat. Const. e Decoração",MELNICK DESENVOLVIMENTO IMOBILIÁRIO S.A.,MELK3,2020-06-30,18.23,15.06,,-0.039174826844996416,6.71,20.0
"Emp. Adm. Part. - Const. Civil, Mat. Const. e Decoração",TRISUL S.A.,TRIS3,2020-06-30,13.2,19.01,,0.13896729459409707,11.47,27.0
Emp. Adm. Part. - Metalurgia e Siderurgia,KEPLER WEBER S.A.,KEPL3,2020-06-30,12.37,16.17,,,11.0,
Emp. Adm. Part. - Sem Setor Principal,TREVISA INVESTIMENTOS S.A.,LUXM4,2020-06-30,17.08,15.79,,,8.45,
Energia Elétrica,CIA PARANAENSE DE ENERGIA - COPEL,CPLE3,2020-06-30,21.43,23.87,,1.0394576711537273,3.03,13.0
Energia Elétrica,RIO PARANAPANEMA ENERGIA S.A.,GEPA3,2020-06-30,14.01,19.83,,0.023674667103629088,7.06,14.0
Energia Elétrica,ENGIE BRASIL ENERGIA S.A.,EGIE3,2020-06-30,41.2,28.5,,1.8281122616398804,8.68,18.0
Extração Mineral,CSN MINERAÇÃO S.A.,CMIN3,2020-06-30,31.68,28.5,,-0.07704313176400529,7.74,10.0
Farmacêutico e Higiene,HYPERA S.A.,HYPE3,2020-06-30,17.51,37.74,,-0.1936476392648169,12.82,24.0
Seguradoras e Corretoras,QUALICORP CONSULTORIA E CORRETORA DE SEGUROS S.A.,QUAL3,2020-06-30,30.89,26.19,,0.3271887434940778,13.74,17.0
Seguradoras e Corretoras,PORTO SEGURO S.A.,PSSA3,2020-06-30,30.83,15.69,,-5.6130823883268945,4.93,17.0
"Agricultura (Açúcar, Álcool e Cana)",JALLES MACHADO S.A.,JALL3,2020-09-30,41.57,22.07,,0.5935111275823403,8.47,14.0
"Agricultura (Açúcar, Álcool e Cana)",SAO MARTINHO S.A.,SMTO3,2020-09-30,36.32,36.09,,0.6994053816106314,4.09,16.0
"Agricultura (Açúcar, Álcool e Cana)",BRASILAGRO - CIA BRAS DE PROP AGRICOLAS,AGRO3,2020-09-30,25.12,26.94,,1.1464590605882556,4.33,32.0
Alimentos,M.DIAS BRANCO S.A. IND COM DE ALIMENTOS,MDIA3,2020-09-30,16.32,13.08,,0.17204449617712747,8.51,33.0
Bancos,BCO SANTANDER (BRASIL) S.A.,SANB11,2020-09-30,2.25,25.82,,,6.5,
Comércio (Atacado e Varejo),OUROFINO S.A.,OFSA3,2020-09-30,32.97,20.2,,0.5526350089064604,6.7,21.0
Comércio (Atacado e Varejo),GRAZZIOTIN S.A.,CGRA3,2020-09-30,8.39,13.51,,-1.0474665732820367,6.13,22.0
"Construção Civil, Mat. Constr. e Decoração",MITRE REALTY EMPREENDIMENTOS E PARTICIPAÇÕES S.A.,MTRE3,2020-09-30,9.24,16.03,,-1.3035352689237223,9.03,6.0
"Construção Civil, Mat. Constr. e Decoração",CURY CONSTRUTORA E INCORPORADORA S.A.,CURY3,2020-09-30,37.56,18.17,,-0.971068486492018,8.95,15.0
"Construção Civil, Mat. Constr. e Decoração",PLANO & PLANO DESENVOLVIMENTO IMOBILIÁRIO S.A.,PLPL3,2020-09-30,62.31,14.5,,0.3526770086777088,9.86,21.0
"Emp. Adm. Part. - Const. Civil, Mat. Const. e Decoração",MULTIPLAN - EMPREEND IMOBILIARIOS S.A.,MULT3,2020-09-30,35.48,269.86,,0.5189997562610444,3.31,9.0
"Emp. Adm. Part. - Const. Civil, Mat. Const. e Decoração",JHSF PARTICIPACOES S.A.,JHSF3,2020-09-30,18.27,49.46,,0.45476980932514616,4.1,16.0
"Emp. Adm. Part. - Const. Civil, Mat. Const. e Decoração",TRISUL S.A.,TRIS3,2020-09-30,17.23,20.19,,0.2364544246689346,6.52,24.0
Emp. Adm. Part. - Energia Elétrica,CPFL ENERGIA S.A.,CPFE3,2020-09-30,36.48,17.37,,0.3371742851903334,4.02,18.0
Emp. Adm. Part. - Energia Elétrica,ALUPAR INVESTIMENTO S/A,ALUP11,2020-09-30,21.27,29.98,,,4.06,
Emp. Adm. Part. - Sem Setor Principal,SAO CARLOS EMPREEND E PARTICIPACOES S.A.,SCAR3,2020-09-30,13.02,35.09,,1.8069343971501777,6.51,28.0
Energia Elétrica,ENGIE BRASIL ENERGIA S.A.,EGIE3,2020-09-30,27.42,15.27,,1.6199874841644957,11.93,26.0
Energia Elétrica,REDE ENERGIA PARTICIPAÇÕES S.A.,REDE3,2020-09-30,38.32,18.26,,,8.12,
Farmacêutico e Higiene,HYPERA S.A.,HYPE3,2020-09-30,14.87,31.75,,,11.36,
Metalurgia e Siderurgia,CIA SIDERURGICA NACIONAL,CSNA3,2020-09-30,79.56,14.48,,0.773349674205174,3.48,22.0
"Máquinas, Equipamentos, Veículos e Peças",ROMI S.A.,ROMI3,2020-09-30,17.91,14.41,,1.1204371318866515,4.22,31.0
Seguradoras e Corretoras,WIZ CO PARTICIPAÇÕES E CORRETAGEM DE SEGUROS S.A.,WIZC3,2020-09-30,60.91,29.28,,-0.6794259096821028,4.46,2.0
"Agricultura (Açúcar, Álcool e Cana)",SLC AGRICOLA S.A.,SLCE3,2020-12-31,16.22,13.19,,0.834699300713656,9.48,38.0
"Agricultura (Açúcar, Álcool e Cana)",VITTIA S.A.,VITT3,2020-12-31,29.52,16.19,,1.9712575683763658,12.53,44.0
Bancos,BCO SANTANDER (BRASIL) S.A.,SANB11,2020-12-31,97.36,21.43,,-0.07859423961775584,9.19,65.0
Bancos,BANESTES S.A. - BCO EST ESPIRITO SANTO,BEES3,2020-12-31,116.13,14.36,,1.9418052972767281,4.7,68.0
Bancos,BCO BRADESCO S.A.,BBDC4,2020-12-31,5.15,16.29,,0.0,9.31,68.0
Comércio (Atacado e Varejo),GRAZZIOTIN S.A.,CGRA3,2020-12-31,11.23,15.78,,-1.6609335746254321,6.06,25.0
"Construção Civil, Mat. Constr. e Decoração",LAVVI EMPREENDIMENTOS IMOBILIÁRIOS S.A.,LAVV3,2020-12-31,9.14,33.05,,-6.539015851847362,7.48,10.0
"Construção Civil, Mat. Constr. e Decoração",CYRELA BRAZIL REALTY S.A.EMPREEND E PART,CYRE3,2020-12-31,31.56,47.85,,0.38162973888332935,3.86,13.0
"Construção Civil, Mat. Constr. e Decoração",PLANO & PLANO DESENVOLVIMENTO IMOBILIÁRIO S.A.,PLPL3,2020-12-31,57.44,14.67,,0.5194307443696197,7.77,24.0
Educação,SER EDUCACIONAL S.A.,SEER3,2020-12-31,11.57,13.2,,-0.14785291384400173,10.44,27.0
"Emp. Adm. Part. - Const. Civil, Mat. Const. e Decoração",JHSF PARTICIPACOES S.A.,JHSF3,2020-12-31,16.69,54.58,,0.6168325692081599,5.13,27.0
"Emp. Adm. Part. - Const. Civil, Mat. Const. e Decoração",TRISUL S.A.,TRIS3,2020-12-31,15.14,20.89,,0.2910789598636986,7.5,38.0
"Emp. Adm. Part. - Const. Civil, Mat. Const. e Decoração",MULTIPLAN - EMPREEND IMOBILIARIOS S.A.,MULT3,2020-12-31,15.47,89.13,,1.3871045544076859,8.91,49.0
Emp. Adm. Part. - Energia Elétrica,ALUPAR INVESTIMENTO S/A,ALUP11,2020-12-31,22.98,33.47,,2.006598066617078,3.99,28.0
Emp. Adm. Part. - Energia Elétrica,ARGO ENERGIA EMPREENDIMENTOS E PARTICIPAÇÕES S/A,GGPS3,2020-12-31,35.88,37.01,,2.0056530630512768,12.36,39.0
Emp. Adm. Part. - Intermediação Financeira,ITAÚSA S.A.,ITSA4,2020-12-31,12.11,124.9,,0.13661369193154035,8.23,47.0
Emp. Adm. Part. - Sem Setor Principal,DEXXOS PARTICIPAÇÕES S.A.,DEXP3,2020-12-31,45.51,14.47,,0.4734422141877571,4.0,13.0
Energia Elétrica,CPFL GERACAO DE ENERGIA S.A.,CBEE3,2020-12-31,21.49,50.37,,0.2996247565811993,4.15,20.0
Energia Elétrica,ENGIE BRASIL ENERGIA S.A.,EGIE3,2020-12-31,36.13,22.82,,1.8852706237514532,9.19,28.0
Energia Elétrica,CIA PARANAENSE DE ENERGIA - COPEL,CPLE3,2020-12-31,19.31,20.98,,1.019209703989267,3.17,34.0
Extração Mineral,CSN MINERAÇÃO S.A.,CMIN3,2020-12-31,38.02,29.23,,-0.21821297246909493,6.3,8.0
Farmacêutico e Higiene,HYPERA S.A.,HYPE3,2020-12-31,14.02,31.67,,0.5344134754638752,14.29,55.0
Metalurgia e Siderurgia,METISA METALURGICA TIMBOENSE S.A.,MTSA4,2020-12-31,20.5,15.56,,-0.9924847354596201,3.18,12.0
Metalurgia e Siderurgia,CIA SIDERURGICA NACIONAL,CSNA3,2020-12-31,38.15,14.28,,1.45668994508414,6.06,42.0
Metalurgia e Siderurgia,SCHULZ S.A.,SHUL4,2020-12-31,19.1,13.49,,1.3101631506731841,6.03,48.0
"Máquinas, Equipamentos, Veículos e Peças",TAURUS ARMAS S.A.,TASA4,2020-12-31,623.63,14.87,,1.46313122885791,6.92,18.0
"Máquinas, Equipamentos, Veículos e Peças",ROMI S.A.,ROMI3,2020-12-31,21.45,17.95,,1.4885015482030408,4.84,56.0
"Saneamento, Serv. Água e Gás",CIA SANEAMENTO DE MINAS GERAIS-COPASA MG,CSMG3,2020-12-31,12.65,15.28,,1.3659735318475372,4.54,42.0
Seguradoras e Corretoras,WIZ CO PARTICIPAÇÕES E CORRETAGEM DE SEGUROS S.A.,WIZC3,2020-12-31,67.05,24.85,,-0.7907620237736152,4.25,4.0
Têxtil e Vestuário,DOHLER S.A.,DOHL4,2020-12-31,12.82,16.1,,-0.6380665802400124,4.6,42.0
Têxtil e Vestuário,GRENDENE S.A.,GRND3,2020-12-31,9.58,21.36,,-3.6020506206839857,8.21,45.0
Têxtil e Vestuário,CAMBUCI S.A.,CAMB3,2020-12-31,22.71,14.07,,2.9984397228213484,7.87,64.0
"Agricultura (Açúcar, Álcool e Cana)",BRASILAGRO - CIA BRAS DE PROP AGRICOLAS,AGRO3,2021-03-31,31.78,38.07,,0.2558003074297933,3.87,16.0
"Agricultura (Açúcar, Álcool e Cana)",JALLES MACHADO S.A.,JALL3,2021-03-31,15.0,15.7,,0.5494079928155863,13.91,18.0
"Agricultura (Açúcar, Álcool e Cana)",SLC AGRICOLA S.A.,SLCE3,2021-03-31,44.53,24.07,,0.39443017950716397,4.53,21.0
Comunicação e Informática,GRUPO MULTI S.A.,MLAS3,2021-03-31,44.77,13.81,,0.8015288307743219,10.85,44.0
Comércio (Atacado e Varejo),GRAZZIOTIN S.A.,CGRA3,2021-03-31,8.46,16.95,,-1.6201705084842855,7.21,56.0
"Construção Civil, Mat. Constr. e Decoração",EVEN CONSTRUTORA E INCORPORADORA S.A.,EVEN3,2021-03-31,14.97,14.26,,-2.4635967968235484,3.27,15.0
"Construção Civil, Mat. Constr. e Decoração",PLANO & PLANO DESENVOLVIMENTO IMOBILIÁRIO S.A.,PLPL3,2021-03-31,71.4,16.01,,0.37994046838100237,5.33,27.0
"Construção Civil, Mat. Constr. e Decoração",LAVVI EMPREENDIMENTOS IMOBILIÁRIOS S.A.,LAVV3,2021-03-31,7.39,26.9,,-7.322020735084961,9.5,31.0
Embalagens,IRANI PAPEL E EMBALAGEM S.A.,RANI3,2021-03-31,26.91,15.92,,0.4835813443415152,4.57,28.0
"Emp. Adm. Part. - Const. Civil, Mat. Const. e Decoração",JHSF PARTICIPACOES S.A.,JHSF3,2021-03-31,19.12,49.7,,0.4974282126661322,4.04,38.0
"Emp. Adm. Part. - Const. Civil, Mat. Const. e Decoração",TRISUL S.A.,TRIS3,2021-03-31,12.54,19.39,,0.4227818178175772,7.88,60.0
Emp. Adm. Part. - Energia Elétrica,TRANSMISSORA ALIANÇA DE ENERGIA ELÉTRICA S.A.,TAEE11,2021-03-31,33.7,61.19,,1.5460479373095977,3.81,29.0
Emp. Adm. Part. - Energia Elétrica,ALUPAR INVESTIMENTO S/A,ALUP11,2021-03-31,27.51,41.27,,1.6385451137556277,3.23,34.0
Emp. Adm. Part. - Energia Elétrica,ENERGISA S.A.,ENGI11,2021-03-31,41.73,15.98,,2.82025730619215,4.09,56.0
Emp. Adm. Part. - Intermediação Financeira,ITAÚSA S.A.,ITSA4,2021-03-31,14.97,131.0,,0.1455618175413878,6.23,48.0
Emp. Adm. Part. - Sem Setor Principal,DEXXOS PARTICIPAÇÕES S.A.,DEXP3,2021-03-31,48.87,13.75,,0.2939193911132006,4.92,19.0
Energia Elétrica,ENGIE BRASIL ENERGIA S.A.,EGIE3,2021-03-31,26.16,16.28,,2.018398498788594,11.5,45.0
Energia Elétrica,CPFL GERACAO DE ENERGIA S.A.,CBEE3,2021-03-31,17.18,43.52,,0.6359230646702771,7.34,48.0
Energia Elétrica,CIA PARANAENSE DE ENERGIA - COPEL,CPLE3,2021-03-31,16.28,15.95,,0.9965950333976353,3.45,49.0
Extração Mineral,CSN MINERAÇÃO S.A.,CMIN3,2021-03-31,71.35,41.9,,-0.2608122059859619,3.16,7.0
Metalurgia e Siderurgia,USINAS SID DE MINAS GERAIS S.A.-USIMINAS,USIM5,2021-03-31,26.76,17.05,,0.17313350900762828,4.63,20.0
Metalurgia e Siderurgia,GERDAU S.A.,GGBR4,2021-03-31,28.48,15.12,,0.6396158477939334,3.56,23.0
Metalurgia e Siderurgia,BAUMER S.A.,BALM4,2021-03-31,19.66,18.93,,-0.9607659971975713,3.53,56.0
"Máquinas, Equipamentos, Veículos e Peças",MAHLE METAL LEVE S.A.,LEVE3,2021-03-31,34.45,15.16,,-0.03784819902343301,3.34,15.0
Petroquímicos e Borracha,UNIPAR CARBOCLORO S.A.,UNIP6,2021-03-31,53.68,21.33,,-0.1675737257534595,3.37,6.0
"Saneamento, Serv. Água e Gás",CIA SANEAMENTO DE MINAS GERAIS-COPASA MG,CSMG3,2021-03-31,13.3,15.94,,0.9289068893296532,4.69,54.0
Seguradoras e Corretoras,WIZ CO PARTICIPAÇÕES E CORRETAGEM DE SEGUROS S.A.,WIZC3,2021-03-31,70.46,28.34,,-0.6315843789299874,5.0,9.0
Seguradoras e Corretoras,QUALICORP CONSULTORIA E CORRETORA DE SEGUROS S.A.,QUAL3,2021-03-31,25.96,22.39,,0.4448766386380994,14.48,50.0
Serviços Transporte e Logística,MOVIDA PARTICIPACOES SA,MOVI3,2021-03-31,18.64,13.6,,0.9148921978981601,10.2,70.0
Têxtil e Vestuário,GRENDENE S.A.,GRND3,2021-03-31,13.05,24.68,,-3.127302846440179,6.83,44.0
"Agricultura (Açúcar, Álcool e Cana)",JALLES MACHADO S.A.,JALL3,2021-06-30,37.07,30.56,,0.26984317490798526,5.78,15.0
"Agricultura (Açúcar, Álcool e Cana)",BRASILAGRO - CIA BRAS DE PROP AGRICOLAS,AGRO3,2021-06-30,14.55,26.02,,-0.3906407761597864,5.63,15.0
"Agricultura (Açúcar, Álcool e Cana)",SAO MARTINHO S.A.,SMTO3,2021-06-30,16.99,14.76,,0.8676307539917042,11.04,44.0
Comunicação e Informática,GRUPO MULTI S.A.,MLAS3,2021-06-30,44.21,16.35,,1.1913961323743383,10.38,41.0
Comércio (Atacado e Varejo),CM HOSPITALAR S.A,VVEO3,2021-06-30,58.96,13.5,,0.3306294627799153,9.14,27.0
Comércio (Atacado e Varejo),OUROFINO S.A.,OFSA3,2021-06-30,21.24,13.84,,0.7564973867751199,11.38,41.0
"Construção Civil, Mat. Constr. e Decoração",CURY CONSTRUTORA E INCORPORADORA S.A.,CURY3,2021-06-30,44.52,17.05,,-0.551598873374006,6.06,16.0
"Construção Civil, Mat. Constr. e Decoração",DEXCO S.A.,DXCO3,2021-06-30,50.68,36.3,,0.313999094912857,4.36,19.0
"Construção Civil, Mat. Constr. e Decoração",CYRELA BRAZIL REALTY S.A.EMPREEND E PART,CYRE3,2021-06-30,18.46,24.56,,0.9902936630602782,5.17,37.0
Embalagens,IRANI PAPEL E EMBALAGEM S.A.,RANI3,2021-06-30,31.01,16.79,,0.4247364253319634,4.61,17.0
"Emp. Adm. Part. - Const. Civil, Mat. Const. e Decoração",TRISUL S.A.,TRIS3,2021-06-30,12.11,18.58,,0.46715348837209303,7.27,45.0
"Emp. Adm. Part. - Const. Civil, Mat. Const. e Decoração",EZ TEC EMPREEND. E PARTICIPACOES S.A.,EZTC3,2021-06-30,13.39,50.5,,-2.3031951784805016,8.3,47.0
"Emp. Adm. Part. - Const. Civil, Mat. Const. e Decoração",SYN PROP & TECH S.A.,SYNE3,2021-06-30,3.54,23.18,,2.713349861977303,3.31,47.0
Emp. Adm. Part. - Petróleo e Gás,PETRORECÔNCAVO S.A.,RECV3,2021-06-30,20.01,37.96,,-0.4822092216445361,9.24,49.0
Emp. Adm. Part. - Sem Setor Principal,DEXXOS PARTICIPAÇÕES S.A.,DEXP3,2021-06-30,68.38,19.21,,0.3745287241979607,3.58,16.0
Emp. Adm. Part. - Sem Setor Principal,CIA PARTICIPACOES ALIANCA DA BAHIA,PEAB4,2021-06-30,18.03,343.51,,-3.3578633291085764,9.22,44.0
Energia Elétrica,CIA PARANAENSE DE ENERGIA - COPEL,CPLE3,2021-06-30,17.56,17.28,,1.24460394811206,3.27,27.0
Energia Elétrica,CPFL GERACAO DE ENERGIA S.A.,CBEE3,2021-06-30,19.6,43.26,,0.255264944282934,6.44,31.0
"Máquinas, Equipamentos, Veículos e Peças",MAHLE METAL LEVE S.A.,LEVE3,2021-06-30,43.46,19.12,,-0.010255322613125614,3.05,8.0
"Máquinas, Equipamentos, Veículos e Peças",TAURUS ARMAS S.A.,TASA4,2021-06-30,214.22,29.74,,0.45911236139417594,3.56,11.0
"Máquinas, Equipamentos, Veículos e Peças",METALURGICA RIOSULENSE S.A.,RSUL4,2021-06-30,224.83,38.55,,0.004607839259581537,3.16,13.0
Papel e Celulose,KLABIN S.A.,KLBN4,2021-06-30,36.08,15.11,,2.733897384285321,8.36,40.0
Petroquímicos e Borracha,UNIPAR CARBOCLORO S.A.,UNIP6,2021-06-30,52.73,21.3,,,4.41,
"Saneamento, Serv. Água e Gás",CIA SANEAMENTO DE MINAS GERAIS-COPASA MG,CSMG3,2021-06-30,13.95,16.36,,0.5855609418910754,3.62,40.0
Seguradoras e Corretoras,PORTO SEGURO S.A.,PSSA3,2021-06-30,28.14,13.4,,-3.1860247432210493,4.93,3.0
Serviços Transporte e Logística,MOVIDA PARTICIPACOES SA,MOVI3,2021-06-30,27.19,14.36,,0.40521948257332835,8.63,42.0
Telecomunicações,TIM S.A.,TIMS3,2021-06-30,11.31,15.25,,-0.17397705538506011,6.76,41.0
Têxtil e Vestuário,VULCABRAS S.A.,VULC3,2021-06-30,29.7,22.91,,0.44564074083423794,4.48,29.0
"Agricultura (Açúcar, Álcool e Cana)",BRASILAGRO - CIA BRAS DE PROP AGRICOLAS,AGRO3,2021-09-30,18.56,20.94,,-0.5763880764641194,3.62,19.0
"Agricultura (Açúcar, Álcool e Cana)",VITTIA S.A.,VITT3,2021-09-30,48.9,19.77,,0.41882357219925564,4.87,20.0
"Agricultura (Açúcar, Álcool e Cana)",COSAN S.A.,CSAN3,2021-09-30,51.2,48.73,,0.5502774531205159,5.22,32.0
Comunicação e Informática,GRUPO MULTI S.A.,MLAS3,2021-09-30,21.19,15.42,,-0.6389552650582612,5.93,11.0
Comunicação e Informática,BEMOBI MOBILE TECH S.A.,BMOB3,2021-09-30,7.43,25.09,,,11.37,
Comércio (Atacado e Varejo),OUROFINO S.A.,OFSA3,2021-09-30,21.85,14.8,,0.5730150459193643,8.18,44.0
Comércio (Atacado e Varejo),GRUPO SBF S.A.,SBFG3,2021-09-30,40.44,14.85,,1.0861056239054343,4.76,52.0
"Construção Civil, Mat. Constr. e Decoração",CURY CONSTRUTORA E INCORPORADORA S.A.,CURY3,2021-09-30,39.43,16.35,,-0.4055924940898345,4.62,13.0
"Construção Civil, Mat. Constr. e Decoração",CYRELA BRAZIL REALTY S.A.EMPREEND E PART,CYRE3,2021-09-30,16.12,20.67,,0.9423390563366036,3.81,37.0
"Construção Civil, Mat. Constr. e Decoração",AZEVEDO E TRAVASSOS S.A.,AZEV4,2021-09-30,382.05,430.06,,-0.3363824863675938,10.12,38.0
"Emp. Adm. Part. - Const. Civil, Mat. Const. e Decoração",EZ TEC EMPREEND. E PARTICIPACOES S.A.,EZTC3,2021-09-30,13.63,51.12,,-2.0052830024105557,5.27,41.0
"Emp. Adm. Part. - Const. Civil, Mat. Const. e Decoração",SYN PROP & TECH S.A.,SYNE3,2021-09-30,4.3,25.69,,1.977100318098361,3.05,49.0
"Emp. Adm. Part. - Const. Civil, Mat. Const. e Decoração",TRISUL S.A.,TRIS3,2021-09-30,11.15,19.04,,0.9264938896679841,5.27,51.0
Emp. Adm. Part. - Energia Elétrica,TRANSMISSORA ALIANÇA DE ENERGIA ELÉTRICA S.A.,TAEE11,2021-09-30,31.01,56.98,,1.72827150591538,3.72,26.0
Emp. Adm. Part. - Intermediação Financeira,ITAÚSA S.A.,ITSA4,2021-09-30,17.68,148.78,,,5.06,
Energia Elétrica,CPFL GERACAO DE ENERGIA S.A.,CBEE3,2021-09-30,32.07,57.39,,0.35533230328932275,3.56,23.0
Energia Elétrica,AUREN ENERGIA S.A.,AURE3,2021-09-30,13.84,51.37,,1.044263769260267,10.26,42.0
Energia Elétrica,ENGIE BRASIL ENERGIA S.A.,EGIE3,2021-09-30,32.41,18.86,,,9.52,
Extração Mineral,CSN MINERAÇÃO S.A.,CMIN3,2021-09-30,22.59,26.3,,-1.1798397985272573,4.86,7.0
Metalurgia e Siderurgia,CIA FERRO LIGAS DA BAHIA - FERBASA,FESA4,2021-09-30,42.57,34.31,,-0.045719698778876314,3.09,12.0
Metalurgia e Siderurgia,PANATLANTICA S.A.,PATI3,2021-09-30,46.73,15.12,,0.5231281447720756,3.31,17.0
"Máquinas, Equipamentos, Veículos e Peças",TAURUS ARMAS S.A.,TASA4,2021-09-30,110.6,23.18,,0.27582977787409957,3.22,6.0
"Máquinas, Equipamentos, Veículos e Peças",METALURGICA RIOSULENSE S.A.,RSUL4,2021-09-30,103.9,19.89,,0.00219211557120782,5.77,17.0
"Máquinas, Equipamentos, Veículos e Peças",ROMI S.A.,ROMI3,2021-09-30,21.64,15.88,,1.844023589315428,4.49,26.0
Papel e Celulose,KLABIN S.A.,KLBN4,2021-09-30,75.28,27.89,,1.4413374917780934,3.64,36.0
Seguradoras e Corretoras,WIZ CO PARTICIPAÇÕES E CORRETAGEM DE SEGUROS S.A.,WIZC3,2021-09-30,25.11,13.32,,-0.9483218775156357,11.09,12.0
Serviços Transporte e Logística,MOVIDA PARTICIPACOES SA,MOVI3,2021-09-30,32.65,16.47,,0.47985653382002585,3.85,38.0
Serviços Transporte e Logística,LOG-IN LOGISTICA INTERMODAL S.A.,LOGN3,2021-09-30,55.04,16.76,,0.3143309608207206,9.33,44.0
Serviços Transporte e Logística,TEGMA GESTAO LOGISTICA S.A.,TGMA3,2021-09-30,20.43,14.77,,-0.0709363266583229,5.06,51.0
Telecomunicações,TIM S.A.,TIMS3,2021-09-30,16.12,22.0,,-0.14825011507176403,4.56,43.0
Têxtil e Vestuário,DOHLER S.A.,DOHL4,2021-09-30,16.29,14.67,,-0.018324348385182255,3.72,28.0
Têxtil e Vestuário,GRENDENE S.A.,GRND3,2021-09-30,20.39,30.99,,,4.78,
"Agricultura (Açúcar, Álcool e Cana)",SLC AGRICOLA S.A.,SLCE3,2021-12-31,29.95,17.88,,1.1165118374987002,6.39,35.0
"Agricultura (Açúcar, Álcool e Cana)",COSAN S.A.,CSAN3,2021-12-31,22.0,25.5,,1.6432492445789222,13.49,79.0
Bancos,BCO SANTANDER (BRASIL) S.A.,SANB11,2021-12-31,134.08,19.95,,-0.6730093031494371,7.49,57.0
Bebidas e Fumo,AMBEV S.A.,ABEV3,2021-12-31,15.62,18.01,,-0.6905610035806646,14.27,59.0
Comunicação e Informática,GRUPO MULTI S.A.,MLAS3,2021-12-31,19.33,15.98,,-0.4437023741895042,7.55,53.0
Comunicação e Informática,BEMOBI MOBILE TECH S.A.,BMOB3,2021-12-31,7.32,15.41,,-4.3377155208808285,13.35,57.0
"Construção Civil, Mat. Constr. e Decoração",SONDOTECNICA ENGENHARIA SOLOS S.A.,SOND5,2021-12-31,20.96,16.8,,-1.93571869216533,3.29,11.0
"Construção Civil, Mat. Constr. e Decoração",CURY CONSTRUTORA E INCORPORADORA S.A.,CURY3,2021-12-31,42.71,18.14,,-0.7550605862537081,5.47,14.0
"Construção Civil, Mat. Constr. e Decoração",LAVVI EMPREENDIMENTOS IMOBILIÁRIOS S.A.,LAVV3,2021-12-31,16.34,33.53,,-1.9819212560778303,3.36,24.0
Embalagens,IRANI PAPEL E EMBALAGEM S.A.,RANI3,2021-12-31,29.8,17.77,,0.7307900535334337,3.56,24.0
"Emp. Adm. Part. - Const. Civil, Mat. Const. e Decoração",LPS BRASIL - CONSULTORIA DE IMOVEIS S.A.,LPSB3,2021-12-31,30.03,25.67,,-1.8526695574459633,5.65,21.0
"Emp. Adm. Part. - Const. Civil, Mat. Const. e Decoração",JHSF PARTICIPACOES S.A.,JHSF3,2021-12-31,21.58,48.88,,0.9317337482288977,3.16,33.0
"Emp. Adm. Part. - Const. Civil, Mat. Const. e Decoração",TRISUL S.A.,TRIS3,2021-12-31,10.38,17.05,,1.4447201309699822,6.35,71.0
Emp. Adm. Part. - Energia Elétrica,TRANSMISSORA ALIANÇA DE ENERGIA ELÉTRICA S.A.,TAEE11,2021-12-31,33.12,63.76,,1.8566334239951647,3.93,33.0
Emp. Adm. Part. - Energia Elétrica,ALUPAR INVESTIMENTO S/A,ALUP11,2021-12-31,21.22,40.56,,2.0830258382605256,4.0,43.0
Emp. Adm. Part. - Intermediação Financeira,ITAÚSA S.A.,ITSA4,2021-12-31,19.12,162.68,,0.24600211342021838,4.77,45.0
Emp. Adm. Part. - Papel e Celulose,SUZANO HOLDING S.A.,SUZB3,2021-12-31,56.69,21.07,,2.3109002939376535,7.4,45.0
Emp. Adm. Part. - Sem Setor Principal,CIA PARTICIPACOES ALIANCA DA BAHIA,PEAB4,2021-12-31,20.46,451.56,,-1.4863398768730398,9.16,35.0
Emp. Adm. Part. - Telecomunicações,PADTEC HOLDING S.A.,PDTC3,2021-12-31,39.7,14.82,,0.287111801242236,9.71,51.0
Energia Elétrica,CPFL GERACAO DE ENERGIA S.A.,CBEE3,2021-12-31,29.49,51.36,,0.5480908047894615,4.63,31.0
Energia Elétrica,REDE ENERGIA PARTICIPAÇÕES S.A.,REDE3,2021-12-31,38.56,13.07,,2.216704338590644,5.95,51.0
Extração Mineral,CSN MINERAÇÃO S.A.,CMIN3,2021-12-31,45.51,33.46,,-0.6071419438925205,3.29,5.0
Farmacêutico e Higiene,HYPERA S.A.,HYPE3,2021-12-31,13.53,22.41,,2.4142153422464907,13.92,78.0
Metalurgia e Siderurgia,CIA FERRO LIGAS DA BAHIA - FERBASA,FESA4,2021-12-31,27.12,26.91,,-0.2089096064916727,4.42,17.0
"Máquinas, Equipamentos, Veículos e Peças",TAURUS ARMAS S.A.,TASA4,2021-12-31,83.89,23.17,,0.4357363049572513,3.63,11.0
"Máquinas, Equipamentos, Veículos e Peças",MAHLE METAL LEVE S.A.,LEVE3,2021-12-31,33.12,15.67,,-0.07095391998237546,3.74,13.0
"Máquinas, Equipamentos, Veículos e Peças",METALURGICA RIOSULENSE S.A.,RSUL4,2021-12-31,110.96,27.48,,-0.07963178242180108,4.26,22.0
Papel e Celulose,SUZANO S.A.,SUZB3,2021-12-31,56.91,21.08,,2.3110903204932445,7.4,43.0
Papel e Celulose,KLABIN S.A.,KLBN4,2021-12-31,48.05,20.66,,2.7495511402968877,5.79,64.0
Petróleo e Gás,PRIO S.A.,PRIO3,2021-12-31,20.14,30.32,,-0.24963183306835082,14.41,48.0
Seguradoras e Corretoras,WIZ CO PARTICIPAÇÕES E CORRETAGEM DE SEGUROS S.A.,WIZC3,2021-12-31,25.46,25.2,,-0.5929825118984244,4.74,11.0
Seguradoras e Corretoras,QUALICORP CONSULTORIA E CORRETORA DE SEGUROS S.A.,QUAL3,2021-12-31,29.59,18.0,,1.4742209359672438,13.19,70.0
Serviços Médicos,MPM CORPÓREOS S.A.,ESPA3,2021-12-31,24.85,25.08,,2.5532376723788364,11.94,75.0
Serviços Transporte e Logística,MOVIDA PARTICIPACOES SA,MOVI3,2021-12-31,24.95,15.37,,1.5896851977718212,5.45,68.0
Serviços Transporte e Logística,"MILLS LOCAÇÃO, SERVIÇOS E LOGÍSTICA S.A.",MILS3,2021-12-31,9.36,13.86,,-0.03705062155436555,11.0,74.0
Telecomunicações,TELEFÔNICA BRASIL S.A,VIVT3,2021-12-31,8.9,14.15,,0.5467028577045916,10.07,86.0
Têxtil e Vestuário,VULCABRAS S.A.,VULC3,2021-12-31,23.13,16.81,,0.6183012041849375,5.65,48.0
Têxtil e Vestuário,GRENDENE S.A.,GRND3,2021-12-31,14.68,25.66,,-2.310032979597228,7.18,72.0
"Agricultura (Açúcar, Álcool e Cana)",JALLES MACHADO S.A.,JALL3,2022-03-31,27.93,26.77,,0.5097709780252577,6.98,15.0
"Agricultura (Açúcar, Álcool e Cana)",BRASILAGRO - CIA BRAS DE PROP AGRICOLAS,AGRO3,2022-03-31,13.25,21.38,,0.05990074782412754,7.07,24.0
"Agricultura (Açúcar, Álcool e Cana)",SAO MARTINHO S.A.,SMTO3,2022-03-31,27.84,25.89,,1.1101694168625067,8.75,33.0
Bebidas e Fumo,AMBEV S.A.,ABEV3,2022-03-31,17.6,19.14,,-0.5118657489409807,12.87,55.0
Comunicação e Informática,GRUPO MULTILASER S.A.,MLAS3,2022-03-31,16.37,17.53,,0.012994193543345238,5.77,70.0
Comércio (Atacado e Varejo),GRAZZIOTIN S.A.,CGRA3,2022-03-31,12.19,18.63,,-0.2663305858110097,4.46,51.0
"Construção Civil, Mat. Constr. e Decoração",UNICASA INDÚSTRIA DE MÓVEIS S.A.,UCAS3,2022-03-31,22.88,17.32,,-0.7518184744126166,4.44,24.0
"Construção Civil, Mat. Constr. e Decoração",CURY CONSTRUTORA E INCORPORADORA S.A.,CURY3,2022-03-31,31.99,14.16,,-0.6214583455644924,6.07,25.0
"Construção Civil, Mat. Constr. e Decoração",INC EMPREENDIMENTOS IMOBILIÁRIOS S.A.,LAVV3,2022-03-31,112.95,25.62,,1.3836055840356822,4.75,37.0
"Emp. Adm. Part. - Const. Civil, Mat. Const. e Decoração",JHSF PARTICIPACOES S.A.,JHSF3,2022-03-31,14.24,36.09,,1.433785825757388,4.89,55.0
"Emp. Adm. Part. - Const. Civil, Mat. Const. e Decoração",EZ TEC EMPREEND. E PARTICIPACOES S.A.,EZTC3,2022-03-31,9.86,38.4,,-2.281335612496259,6.4,68.0
"Emp. Adm. Part. - Const. Civil, Mat. Const. e Decoração",MULTIPLAN - EMPREEND IMOBILIARIOS S.A.,MULT3,2022-03-31,10.59,41.49,,1.8166037716760082,14.93,75.0
Emp. Adm. Part. - Energia Elétrica,TRANSMISSORA ALIANÇA DE ENERGIA ELÉTRICA S.A.,TAEE11,2022-03-31,30.91,70.37,,1.7282213985082253,4.49,38.0
Emp. Adm. Part. - Energia Elétrica,ARGO ENERGIA EMPREENDIMENTOS E PARTICIPAÇÕES S/A,GGPS3,2022-03-31,40.36,53.65,,1.566622077524218,9.77,53.0
Emp. Adm. Part. - Intermediação Financeira,ITAÚSA S.A.,ITSA4,2022-03-31,22.38,181.09,,0.26839446518778826,3.8,33.0
Emp. Adm. Part. - Metalurgia e Siderurgia,KEPLER WEBER S.A.,KEPL3,2022-03-31,75.92,21.4,,-0.17068344221088413,3.18,6.0
Emp. Adm. Part. - Petróleo e Gás,PETRORECÔNCAVO S.A.,RECV3,2022-03-31,77.08,57.12,,-0.0640547263681592,3.07,19.0
Emp. Adm. Part. - Sem Setor Principal,CIA PARTICIPACOES ALIANCA DA BAHIA,PEAB4,2022-03-31,15.78,309.0,,-2.663625610796556,11.57,61.0
Emp. Adm. Part. - Telecomunicações,UNIFIQUE TELECOMUNICAÇÕES S.A.,FIQE3,2022-03-31,13.52,21.36,,-0.9135823357725984,9.77,49.0
Energia Elétrica,RIO PARANAPANEMA ENERGIA S.A.,GEPA3,2022-03-31,14.14,20.94,,1.073090681492173,4.44,45.0
Energia Elétrica,REDE ENERGIA PARTICIPAÇÕES S.A.,REDE3,2022-03-31,42.88,16.3,,1.8294688972232955,4.64,46.0
Energia Elétrica,CPFL GERACAO DE ENERGIA S.A.,CBEE3,2022-03-31,16.23,32.81,,0.5717405454973072,6.75,47.0
Extração Mineral,CSN MINERAÇÃO S.A.,CMIN3,2022-03-31,20.06,18.99,,-0.24329035119624698,5.28,12.0
Extração Mineral,COMPANHIA BRASILEIRA DE ALUMÍNIO,CBAV3,2022-03-31,31.46,18.59,,0.5398724373244602,5.94,56.0
"Máquinas, Equipamentos, Veículos e Peças",TAURUS ARMAS S.A.,TASA4,2022-03-31,88.04,28.82,,0.20481268178212586,3.21,13.0
"Máquinas, Equipamentos, Veículos e Peças",MAHLE METAL LEVE S.A.,LEVE3,2022-03-31,27.72,13.78,,-0.1610068155781627,3.33,18.0
"Máquinas, Equipamentos, Veículos e Peças",METALURGICA RIOSULENSE S.A.,RSUL4,2022-03-31,57.2,14.65,,-0.08237704918032787,6.98,21.0
Papel e Celulose,KLABIN S.A.,KLBN4,2022-03-31,35.49,19.78,,1.0965357458346399,4.77,61.0
Petroquímicos e Borracha,UNIPAR CARBOCLORO S.A.,UNIP6,2022-03-31,67.1,23.75,,-0.1190797080960119,3.38,6.0
Petróleo e Gás,PRIO S.A.,PRIO3,2022-03-31,63.6,69.87,,-0.13949578314102248,5.01,30.0
Seguradoras e Corretoras,WIZ CO PARTICIPAÇÕES E CORRETAGEM DE SEGUROS S.A.,WIZC3,2022-03-31,24.31,24.12,,0.14353255123105585,4.3,24.0
Seguradoras e Corretoras,QUALICORP CONSULTORIA E CORRETORA DE SEGUROS S.A.,QUAL3,2022-03-31,22.56,15.2,,1.3386965648020417,11.75,64.0
Serviços Transporte e Logística,"MILLS LOCAÇÃO, SERVIÇOS E LOGÍSTICA S.A.",MILS3,2022-03-31,14.43,17.37,,-0.09445551956142537,7.98,49.0
Serviços Transporte e Logística,MOVIDA PARTICIPACOES SA,MOVI3,2022-03-31,31.85,13.13,,1.8027490252475988,4.81,50.0
Serviços Transporte e Logística,LOG-IN LOGISTICA INTERMODAL S.A.,LOGN3,2022-03-31,65.03,22.77,,1.3209627982450869,7.91,50.0
Têxtil e Vestuário,GRENDENE S.A.,GRND3,2022-03-31,12.17,24.23,,-4.254441400035354,8.96,80.0
"Agricultura (Açúcar, Álcool e Cana)",BRASILAGRO - CIA BRAS DE PROP AGRICOLAS,AGRO3,2022-06-30,23.47,27.11,,0.222348603956309,3.34,11.0
"Agricultura (Açúcar, Álcool e Cana)",SLC AGRICOLA S.A.,SLCE3,2022-06-30,37.62,20.33,,0.7693547720116864,3.74,11.0
"Agricultura (Açúcar, Álcool e Cana)",JALLES MACHADO S.A.,JALL3,2022-06-30,31.82,27.11,,0.6211006825378416,4.2,12.0
"Construção Civil, Mat. Constr. e Decoração",CURY CONSTRUTORA E INCORPORADORA S.A.,CURY3,2022-06-30,46.69,15.42,,-0.5663322477145575,4.93,9.0
"Construção Civil, Mat. Constr. e Decoração",LAVVI EMPREENDIMENTOS IMOBILIÁRIOS S.A.,LAVV3,2022-06-30,11.4,19.85,,-4.984943148744615,4.3,22.0
"Construção Civil, Mat. Constr. e Decoração",UNICASA INDÚSTRIA DE MÓVEIS S.A.,UCAS3,2022-06-30,22.19,17.99,,,3.09,
Embalagens,IRANI PAPEL E EMBALAGEM S.A.,RANI3,2022-06-30,32.78,19.73,,0.8064470910733383,3.44,15.0
"Emp. Adm. Part. - Const. Civil, Mat. Const. e Decoração",LPS BRASIL - CONSULTORIA DE IMOVEIS S.A.,LPSB3,2022-06-30,39.26,38.74,,-0.8647562467237463,4.41,31.0
Emp. Adm. Part. - Energia Elétrica,CPFL ENERGIA S.A.,CPFE3,2022-06-30,35.31,13.54,,0.6500441293554694,6.36,21.0
Emp. Adm. Part. - Energia Elétrica,TRANSMISSORA ALIANÇA DE ENERGIA ELÉTRICA S.A.,TAEE11,2022-06-30,31.54,66.53,,1.8086056216842477,4.29,22.0
Emp. Adm. Part. - Energia Elétrica,ARGO ENERGIA EMPREENDIMENTOS E PARTICIPAÇÕES S/A,GGPS3,2022-06-30,22.54,39.5,,1.4517547587428066,13.68,36.0
Emp. Adm. Part. - Metalurgia e Siderurgia,KEPLER WEBER S.A.,KEPL3,2022-06-30,43.41,16.71,,-0.26630702168693665,5.3,8.0
Emp. Adm. Part. - Telecomunicações,UNIFIQUE TELECOMUNICAÇÕES S.A.,FIQE3,2022-06-30,14.08,21.46,,-0.3738362827184252,8.9,25.0
Energia Elétrica,REDE ENERGIA PARTICIPAÇÕES S.A.,REDE3,2022-06-30,37.78,15.38,,1.6046551585914777,4.62,18.0
Extração Mineral,CSN MINERAÇÃO S.A.,CMIN3,2022-06-30,25.91,30.82,,,3.49,
Farmacêutico e Higiene,BLAU FARMACÊUTICA S.A.,BLAU3,2022-06-30,26.09,30.72,,-0.9586859519908372,9.5,23.0
Farmacêutico e Higiene,HYPERA S.A.,HYPE3,2022-06-30,17.85,24.05,,2.2680779757272598,14.13,39.0
Papel e Celulose,KLABIN S.A.,KLBN4,2022-06-30,40.12,19.28,,1.1308688363884165,4.39,32.0
Seguradoras e Corretoras,WIZ CO PARTICIPAÇÕES E CORRETAGEM DE SEGUROS S.A.,WIZC3,2022-06-30,25.29,23.35,,0.029905019820244124,4.13,6.0
Serviços Transporte e Logística,"MILLS LOCAÇÃO, SERVIÇOS E LOGÍSTICA S.A.",MILS3,2022-06-30,21.99,25.52,,0.019317158313426907,5.45,24.0
Têxtil e Vestuário,VULCABRAS S.A.,VULC3,2022-06-30,27.46,15.8,,0.3188856264623572,5.21,22.0
"Agricultura (Açúcar, Álcool e Cana)",SAO MARTINHO S.A.,SMTO3,2022-09-30,15.6,13.44,,1.353332558492018,9.03,39.0
Comércio (Atacado e Varejo),OUROFINO S.A.,OFSA3,2022-09-30,24.68,15.96,,0.7399820832818486,6.25,27.0
"Construção Civil, Mat. Constr. e Decoração",CURY CONSTRUTORA E INCORPORADORA S.A.,CURY3,2022-09-30,43.5,15.14,,-0.34165864503116977,7.4,17.0
"Construção Civil, Mat. Constr. e Decoração",CYRELA BRAZIL REALTY S.A.EMPREEND E PART,CYRE3,2022-09-30,16.81,19.85,,1.1567395094425,4.5,28.0
"Construção Civil, Mat. Constr. e Decoração",MOURA DUBEUX ENGENHARIA S/A,MDNE3,2022-09-30,13.92,19.3,,-1.1036345418108946,3.63,31.0
"Emp. Adm. Part. - Const. Civil, Mat. Const. e Decoração",JHSF PARTICIPACOES S.A.,JHSF3,2022-09-30,12.6,30.67,,1.718276327058695,5.71,35.0
Emp. Adm. Part. - Energia Elétrica,CPFL ENERGIA S.A.,CPFE3,2022-09-30,36.08,14.18,,0.5033432073409542,6.1,24.0
Emp. Adm. Part. - Intermediação Financeira,ITAÚSA S.A.,ITSA4,2022-09-30,19.6,168.95,,0.35541762894534257,4.74,21.0
Emp. Adm. Part. - Metalurgia e Siderurgia,KEPLER WEBER S.A.,KEPL3,2022-09-30,73.27,22.42,,-0.22149136945755063,3.56,3.0
Emp. Adm. Part. - Petróleo e Gás,PETRORECÔNCAVO S.A.,RECV3,2022-09-30,23.08,26.33,,-0.5002852553586382,7.44,10.0
Emp. Adm. Part. - Telecomunicações,UNIFIQUE TELECOMUNICAÇÕES S.A.,FIQE3,2022-09-30,12.52,17.57,,-0.20747049926465977,8.26,21.0
Energia Elétrica,ENGIE BRASIL ENERGIA S.A.,EGIE3,2022-09-30,36.49,26.73,,1.8833757968223155,9.04,34.0
Extração Mineral,CSN MINERAÇÃO S.A.,CMIN3,2022-09-30,15.62,18.87,,-0.26616383118642517,5.29,21.0
Metalurgia e Siderurgia,CIA FERRO LIGAS DA BAHIA - FERBASA,FESA4,2022-09-30,36.46,36.04,,-0.3207155737101641,3.11,7.0
Metalurgia e Siderurgia,SCHULZ S.A.,SHUL4,2022-09-30,32.36,14.06,,0.5122320814847217,3.91,13.0
"Máquinas, Equipamentos, Veículos e Peças",TAURUS ARMAS S.A.,TASA4,2022-09-30,38.07,16.12,,0.30505306687852674,4.05,10.0
Petróleo e Gás,PRIO S.A.,PRIO3,2022-09-30,34.31,39.9,,-0.014652249859173854,8.97,19.0
"Saneamento, Serv. Água e Gás",CIA SANEAMENTO DE MINAS GERAIS-COPASA MG,CSMG3,2022-09-30,12.64,14.01,,0.5047081013795282,4.43,30.0
Seguradoras e Corretoras,WIZ CO PARTICIPAÇÕES E CORRETAGEM DE SEGUROS S.A.,WIZC3,2022-09-30,27.99,28.57,,0.042529722132620615,3.65,8.0
Serviços Transporte e Logística,HIDROVIAS DO BRASIL S.A.,HBSA3,2022-09-30,25.35,20.44,,2.496089401655157,10.35,46.0
Têxtil e Vestuário,VULCABRAS S.A.,VULC3,2022-09-30,24.3,14.75,,0.21774132278255381,6.69,28.0
Têxtil e Vestuário,GRENDENE S.A.,GRND3,2022-09-30,16.32,24.41,,-1.9101378539493294,5.07,44.0
"Agricultura (Açúcar, Álcool e Cana)",SLC AGRICOLA S.A.,SLCE3,2022-12-31,27.3,13.94,,0.7410177530604406,6.36,29.0
"Agricultura (Açúcar, Álcool e Cana)",VITTIA S.A.,VITT3,2022-12-31,25.41,17.33,,0.8466957669272155,9.46,56.0
Bebidas e Fumo,AMBEV S.A.,ABEV3,2022-12-31,17.87,18.68,,-0.4916443680714323,12.08,55.0
Comércio (Atacado e Varejo),GRAZZIOTIN S.A.,CGRA3,2022-12-31,14.31,17.45,,-0.8713998706977456,3.5,46.0
"Construção Civil, Mat. Constr. e Decoração",CONSTRUTORA METROCASA S.A.,TEND3,2022-12-31,68.93,30.79,,-0.4470075337489005,4.3,13.0
"Construção Civil, Mat. Constr. e Decoração",CURY CONSTRUTORA E INCORPORADORA S.A.,CURY3,2022-12-31,39.7,15.44,,-0.6793878333193831,8.72,34.0
"Construção Civil, Mat. Constr. e Decoração",UNICASA INDÚSTRIA DE MÓVEIS S.A.,UCAS3,2022-12-31,17.46,13.41,,-0.5113028716933088,4.22,53.0
Embalagens,IRANI PAPEL E EMBALAGEM S.A.,RANI3,2022-12-31,33.62,22.42,,1.087973044014345,3.63,28.0
"Emp. Adm. Part. - Const. Civil, Mat. Const. e Decoração",LPS BRASIL - CONSULTORIA DE IMOVEIS S.A.,LPSB3,2022-12-31,14.4,13.85,,-1.2016826766702084,7.98,53.0
"Emp. Adm. Part. - Const. Civil, Mat. Const. e Decoração",JHSF PARTICIPACOES S.A.,JHSF3,2022-12-31,12.25,33.23,,2.231893069050341,4.09,61.0
Emp. Adm. Part. - Crédito Imobiliário,CIA HABITASUL DE PARTICIPACOES,HBTS5,2022-12-31,12.57,35.77,,2.6217298032649645,3.39,63.0
Emp. Adm. Part. - Energia Elétrica,CPFL ENERGIA S.A.,CPFE3,2022-12-31,29.75,13.26,,1.0151071029675096,6.23,45.0
Emp. Adm. Part. - Energia Elétrica,TRANSMISSORA ALIANÇA DE ENERGIA ELÉTRICA S.A.,TAEE11,2022-12-31,22.06,55.39,,2.8679039487224816,6.51,62.0
Emp. Adm. Part. - Energia Elétrica,ALUPAR INVESTIMENTO S/A,ALUP11,2022-12-31,16.04,43.4,,2.982058585253638,5.95,67.0
Emp. Adm. Part. - Intermediação Financeira,ITAÚSA S.A.,ITSA4,2022-12-31,18.49,166.79,,0.28382165605095544,4.4,41.0
Emp. Adm. Part. - Metalurgia e Siderurgia,KEPLER WEBER S.A.,KEPL3,2022-12-31,64.04,21.07,,-0.2768684229721038,3.98,5.0
Emp. Adm. Part. - Petróleo e Gás,PETRORECÔNCAVO S.A.,RECV3,2022-12-31,30.27,38.76,,-0.5799272974432732,5.61,26.0
Emp. Adm. Part. - Telecomunicações,UNIFIQUE TELECOMUNICAÇÕES S.A.,FIQE3,2022-12-31,13.06,19.19,,-0.3816884806361576,7.57,44.0
Energia Elétrica,RIO PARANAPANEMA ENERGIA S.A.,GEPA3,2022-12-31,13.0,17.76,,0.8399055427195457,4.92,48.0
Energia Elétrica,REDE ENERGIA PARTICIPAÇÕES S.A.,REDE3,2022-12-31,36.94,13.47,,2.1579613397349235,5.16,48.0
Energia Elétrica,ENGIE BRASIL ENERGIA S.A.,EGIE3,2022-12-31,31.57,22.38,,2.2268507937106357,9.95,55.0
Extração Mineral,VALE S.A.,VALE3,2022-12-31,49.43,42.53,,0.3870136442012145,3.12,24.0
Extração Mineral,CSN MINERAÇÃO S.A.,CMIN3,2022-12-31,25.89,22.23,,0.28634304604703176,6.72,32.0
Farmacêutico e Higiene,BLAU FARMACÊUTICA S.A.,BLAU3,2022-12-31,19.83,25.62,,-0.6995816428684335,12.48,55.0
Metalurgia e Siderurgia,CIA FERRO LIGAS DA BAHIA - FERBASA,FESA4,2022-12-31,34.94,33.85,,-0.4021189854444091,3.63,14.0
Metalurgia e Siderurgia,GERDAU S.A.,GGBR4,2022-12-31,24.79,13.93,,0.34786783994996257,3.84,23.0
"Máquinas, Equipamentos, Veículos e Peças",METALURGICA RIOSULENSE S.A.,RSUL4,2022-12-31,46.77,17.0,,-0.27756053679939785,4.8,10.0
"Máquinas, Equipamentos, Veículos e Peças",TAURUS ARMAS S.A.,TASA4,2022-12-31,50.77,20.47,,0.22907240961421935,3.64,10.0
"Máquinas, Equipamentos, Veículos e Peças",MAHLE METAL LEVE S.A.,LEVE3,2022-12-31,35.6,13.31,,0.03702086581707982,4.64,21.0
Papel e Celulose,KLABIN S.A.,KLBN4,2022-12-31,40.53,23.41,,1.673024301927052,3.68,59.0
Petroquímicos e Borracha,UNIPAR CARBOCLORO S.A.,UNIP6,2022-12-31,56.65,18.35,,-0.008062333523678366,4.67,5.0
Petróleo e Gás,PRIO S.A.,PRIO3,2022-12-31,34.64,53.86,,-0.08179594081839751,9.86,43.0
Seguradoras e Corretoras,WIZ CO PARTICIPAÇÕES E CORRETAGEM DE SEGUROS S.A.,WIZC3,2022-12-31,23.55,22.46,,0.20893525949705724,4.23,17.0
Serviços Transporte e Logística,"MILLS LOCAÇÃO, SERVIÇOS E LOGÍSTICA S.A.",MILS3,2022-12-31,17.46,19.82,,0.3182423700169003,8.79,58.0
Serviços Transporte e Logística,LOG-IN LOGISTICA INTERMODAL S.A.,LOGN3,2022-12-31,46.45,19.68,,1.1045729870667746,9.52,70.0
Têxtil e Vestuário,VULCABRAS S.A.,VULC3,2022-12-31,27.45,18.52,,0.4181031531702864,4.86,45.0
Têxtil e Vestuário,GRENDENE S.A.,GRND3,2022-12-31,13.02,22.61,,-3.0953897364104472,5.68,77.0
"Agricultura (Açúcar, Álcool e Cana)",SLC AGRICOLA S.A.,SLCE3,2023-03-31,41.38,18.7,,0.6167836152640749,3.14,12.0
"Agricultura (Açúcar, Álcool e Cana)",JALLES MACHADO S.A.,JALL3,2023-03-31,35.74,40.55,,1.1310692069973047,3.21,14.0
"Agricultura (Açúcar, Álcool e Cana)",SAO MARTINHO S.A.,SMTO3,2023-03-31,17.18,15.33,,1.5575810081875365,8.95,31.0
Bebidas e Fumo,AMBEV S.A.,ABEV3,2023-03-31,17.67,18.6,,-0.3432333889846608,12.2,41.0
"Construção Civil, Mat. Constr. e Decoração",CONSTRUTORA METROCASA S.A.,TEND3,2023-03-31,60.98,21.62,,-0.519595744680851,5.03,15.0
"Construção Civil, Mat. Constr. e Decoração",CURY CONSTRUTORA E INCORPORADORA S.A.,CURY3,2023-03-31,39.02,15.9,,-0.523597210828548,7.5,23.0
Embalagens,IRANI PAPEL E EMBALAGEM S.A.,RANI3,2023-03-31,28.02,20.39,,1.2379575006949377,4.57,35.0
"Emp. Adm. Part. - Const. Civil, Mat. Const. e Decoração",LPS BRASIL - CONSULTORIA DE IMOVEIS S.A.,LPSB3,2023-03-31,15.33,17.56,,-1.0172870356556765,6.58,32.0
"Emp. Adm. Part. - Const. Civil, Mat. Const. e Decoração",MULTIPLAN - EMPREEND IMOBILIARIOS S.A.,MULT3,2023-03-31,12.33,44.59,,1.280732430038819,13.48,63.0
Emp. Adm. Part. - Energia Elétrica,CPFL ENERGIA S.A.,CPFE3,2023-03-31,34.41,16.78,,0.8146014065349733,4.91,31.0
Emp. Adm. Part. - Energia Elétrica,TRANSMISSORA ALIANÇA DE ENERGIA ELÉTRICA S.A.,TAEE11,2023-03-31,23.83,55.82,,2.8280904908288527,6.22,50.0
Emp. Adm. Part. - Energia Elétrica,ALUPAR INVESTIMENTO S/A,ALUP11,2023-03-31,14.42,38.58,,2.750475935235842,6.31,55.0
Emp. Adm. Part. - Intermediação Financeira,ITAÚSA S.A.,ITSA4,2023-03-31,14.96,169.16,,0.35733141348692105,5.55,46.0
Emp. Adm. Part. - Metalurgia e Siderurgia,KEPLER WEBER S.A.,KEPL3,2023-03-31,31.5,15.86,,-0.46302227962544396,4.88,12.0
Emp. Adm. Part. - Petróleo e Gás,PETRORECÔNCAVO S.A.,RECV3,2023-03-31,19.49,27.74,,-0.2187146838897054,5.06,29.0
Energia Elétrica,CIA ENERGETICA DE MINAS GERAIS - CEMIG,CMIG4,2023-03-31,24.53,16.17,,0.845216894244519,3.24,27.0
Energia Elétrica,ENGIE BRASIL ENERGIA S.A.,EGIE3,2023-03-31,38.16,30.28,,1.7722939027451847,7.88,34.0
Extração Mineral,VALE S.A.,VALE3,2023-03-31,19.72,22.2,,0.5778761061946903,6.04,35.0
Metalurgia e Siderurgia,SCHULZ S.A.,SHUL4,2023-03-31,26.44,15.47,,0.2560687668901544,3.99,20.0
Metalurgia e Siderurgia,CIA FERRO LIGAS DA BAHIA - FERBASA,FESA4,2023-03-31,16.59,18.36,,-0.8822413412184207,6.65,41.0
"Máquinas, Equipamentos, Veículos e Peças",MAHLE METAL LEVE S.A.,LEVE3,2023-03-31,43.06,18.19,,0.021393929335398687,3.04,7.0
"Máquinas, Equipamentos, Veículos e Peças",METALURGICA RIOSULENSE S.A.,RSUL4,2023-03-31,36.42,16.81,,-0.3842469670356603,6.35,12.0
"Máquinas, Equipamentos, Veículos e Peças",ROMI S.A.,ROMI3,2023-03-31,13.14,13.94,,2.4699698101523038,7.52,65.0
Papel e Celulose,KLABIN S.A.,KLBN4,2023-03-31,39.56,26.13,,2.132800392875553,3.41,51.0
Petroquímicos e Borracha,UNIPAR CARBOCLORO S.A.,UNIP6,2023-03-31,38.98,16.14,,0.01000674074013734,4.71,12.0
Petróleo e Gás,PRIO S.A.,PRIO3,2023-03-31,43.73,41.28,,1.3702547912920113,6.0,35.0
"Saneamento, Serv. Água e Gás",CIA SANEAMENTO DE MINAS GERAIS-COPASA MG,CSMG3,2023-03-31,18.11,19.5,,0.7728891288987376,3.53,39.0
Seguradoras e Corretoras,WIZ CO PARTICIPAÇÕES E CORRETAGEM DE SEGUROS S.A.,WIZC3,2023-03-31,14.78,13.3,,0.24852156385689803,5.45,21.0
Serviços Transporte e Logística,"MILLS LOCAÇÃO, SERVIÇOS E LOGÍSTICA S.A.",MILS3,2023-03-31,20.58,20.44,,0.6089212081308344,6.23,42.0
Têxtil e Vestuário,TRACK & FIELD CO S.A.,TFCO4,2023-03-31,28.82,17.71,,0.18110919675255174,14.61,41.0
Têxtil e Vestuário,VULCABRAS S.A.,VULC3,2023-03-31,18.65,14.64,,0.21313199545108635,7.7,51.0
Têxtil e Vestuário,GRENDENE S.A.,GRND3,2023-03-31,14.53,23.67,,-6.425112228549674,8.19,68.0
"Agricultura (Açúcar, Álcool e Cana)",BRASILAGRO - CIA BRAS DE PROP AGRICOLAS,AGRO3,2023-06-30,12.22,20.98,,1.2624521703804958,7.75,28.0
"Agricultura (Açúcar, Álcool e Cana)",SAO MARTINHO S.A.,SMTO3,2023-06-30,14.49,16.41,,1.3807242173230245,11.14,47.0
Brinquedos e Lazer,SMARTFIT ESCOLA DE GINÁSTICA E DANÇA S.A.,SMFT3,2023-06-30,22.83,25.14,,0.15527182223480587,12.19,26.0
Brinquedos e Lazer,T4F ENTRETENIMENTO S.A.,SHOW3,2023-06-30,42.73,28.34,,,3.22,
Comércio (Atacado e Varejo),TECHNOS S.A.,TECN3,2023-06-30,16.43,17.28,,-0.034063875341976926,3.08,21.0
"Construção Civil, Mat. Constr. e Decoração",LAVVI EMPREENDIMENTOS IMOBILIÁRIOS S.A.,LAVV3,2023-06-30,22.3,25.79,,-1.5959899968993083,3.99,10.0
"Construção Civil, Mat. Constr. e Decoração",CURY CONSTRUTORA E INCORPORADORA S.A.,CURY3,2023-06-30,45.01,17.05,,-0.5213244609499205,8.25,13.0
"Construção Civil, Mat. Constr. e Decoração",PLANO & PLANO DESENVOLVIMENTO IMOBILIÁRIO S.A.,PLPL3,2023-06-30,53.51,14.47,,0.6500250735109754,6.85,18.0
Educação,VITRU EDUCAÇÃO S.A.,VTRU3,2023-06-30,16.04,17.79,,1.5485463695062125,5.03,35.0
"Emp. Adm. Part. - Const. Civil, Mat. Const. e Decoração",LPS BRASIL - CONSULTORIA DE IMOVEIS S.A.,LPSB3,2023-06-30,16.98,17.91,,-0.6042965378344682,9.46,19.0
"Emp. Adm. Part. - Const. Civil, Mat. Const. e Decoração",MULTIPLAN - EMPREEND IMOBILIARIOS S.A.,MULT3,2023-06-30,14.52,50.71,,1.1366203037608027,11.62,43.0
Emp. Adm. Part. - Energia Elétrica,ALUPAR INVESTIMENTO S/A,ALUP11,2023-06-30,12.47,43.34,,,8.22,
Emp. Adm. Part. - Intermediação Financeira,ITAÚSA S.A.,ITSA4,2023-06-30,18.29,188.89,,,5.0,
Emp. Adm. Part. - Petróleo e Gás,PETRORECÔNCAVO S.A.,RECV3,2023-06-30,16.47,26.98,,-0.10118595391198883,6.79,34.0
Emp. Adm. Part. - Sem Setor Principal,SAO CARLOS EMPREEND E PARTICIPACOES S.A.,SCAR3,2023-06-30,12.28,15.09,,2.678841233707367,4.95,30.0
Energia Elétrica,ENGIE BRASIL ENERGIA S.A.,EGIE3,2023-06-30,31.52,28.08,,1.7157012659508883,10.56,27.0
Energia Elétrica,RIO PARANAPANEMA ENERGIA S.A.,GEPA3,2023-06-30,15.41,24.96,,,4.35,
Farmacêutico e Higiene,BLAU FARMACÊUTICA S.A.,BLAU3,2023-06-30,15.01,19.24,,-0.366276594691457,11.69,36.0
Farmacêutico e Higiene,HYPERA S.A.,HYPE3,2023-06-30,18.23,22.59,,2.2811827082645824,13.26,45.0
Metalurgia e Siderurgia,CIA FERRO LIGAS DA BAHIA - FERBASA,FESA4,2023-06-30,15.12,19.45,,,7.21,
"Máquinas, Equipamentos, Veículos e Peças",METALURGICA RIOSULENSE S.A.,RSUL4,2023-06-30,31.55,15.01,,-0.40884589670733745,6.81,9.0
"Máquinas, Equipamentos, Veículos e Peças",MAHLE METAL LEVE S.A.,LEVE3,2023-06-30,54.03,17.21,,,5.19,
Papel e Celulose,KLABIN S.A.,KLBN4,2023-06-30,27.26,22.61,,1.5178697544615078,5.49,45.0
Petroquímicos e Borracha,UNIPAR CARBOCLORO S.A.,UNIP6,2023-06-30,28.26,14.12,,-0.016471451648128948,8.15,19.0
Petróleo e Gás,PRIO S.A.,PRIO3,2023-06-30,31.28,36.39,,1.1219368943488846,10.89,35.0
"Saneamento, Serv. Água e Gás",CIA SANEAMENTO DE MINAS GERAIS-COPASA MG,CSMG3,2023-06-30,13.15,13.85,,0.7030023182341285,5.77,43.0
Seguradoras e Corretoras,WIZ CO PARTICIPAÇÕES E CORRETAGEM DE SEGUROS S.A.,WIZC3,2023-06-30,17.87,17.16,,0.07071787089229638,5.03,14.0
Serviços Transporte e Logística,"MILLS LOCAÇÃO, SERVIÇOS E LOGÍSTICA S.A.",MILS3,2023-06-30,19.15,18.96,,,8.91,
Têxtil e Vestuário,CAMBUCI S.A.,CAMB3,2023-06-30,41.4,18.16,,0.47958619163531757,3.84,5.0
Têxtil e Vestuário,VULCABRAS S.A.,VULC3,2023-06-30,29.34,19.19,,0.1304485669770644,6.94,23.0
"Agricultura (Açúcar, Álcool e Cana)",VITTIA S.A.,VITT3,2023-09-30,37.54,19.92,,0.370096735589389,4.64,15.0
"Agricultura (Açúcar, Álcool e Cana)",COSAN S.A.,CSAN3,2023-09-30,14.49,16.84,,1.1670246262328208,8.63,52.0
"Agricultura (Açúcar, Álcool e Cana)",SAO MARTINHO S.A.,SMTO3,2023-09-30,27.12,27.24,,,6.37,
Bebidas e Fumo,AMBEV S.A.,ABEV3,2023-09-30,17.54,19.76,,-0.3551954189752134,10.54,41.0
Comunicação e Informática,TOTVS S.A.,TOTS3,2023-09-30,34.7,37.7,,,8.08,
Comércio (Atacado e Varejo),TECHNOS S.A.,TECN3,2023-09-30,15.38,18.18,,-0.1850179375938595,3.0,23.0
"Construção Civil, Mat. Constr. e Decoração",CONSTRUTORA METROCASA S.A.,TEND3,2023-09-30,173.54,28.81,,-0.35782732813826096,5.35,15.0
"Construção Civil, Mat. Constr. e Decoração",PLANO & PLANO DESENVOLVIMENTO IMOBILIÁRIO S.A.,PLPL3,2023-09-30,48.64,13.96,,0.2956903928045529,5.03,16.0
"Construção Civil, Mat. Constr. e Decoração",LAVVI EMPREENDIMENTOS IMOBILIÁRIOS S.A.,LAVV3,2023-09-30,15.47,25.12,,-1.8019834884209054,4.59,29.0
Embalagens,IRANI PAPEL E EMBALAGEM S.A.,RANI3,2023-09-30,20.03,15.85,,1.2664900294529478,7.88,43.0
Emp. Adm. Part. - Energia Elétrica,NEOENERGIA S.A.,NEOE3,2023-09-30,21.0,15.63,,2.1121438112199464,3.06,43.0
Emp. Adm. Part. - Energia Elétrica,CPFL ENERGIA S.A.,CPFE3,2023-09-30,26.98,13.16,,,6.8,
Emp. Adm. Part. - Intermediação Financeira,ITAÚSA S.A.,ITSA4,2023-09-30,20.44,242.11,,,3.88,
Emp. Adm. Part. - Metalurgia e Siderurgia,KEPLER WEBER S.A.,KEPL3,2023-09-30,39.08,16.42,,-0.16765136066807468,5.66,17.0
Energia Elétrica,CIA ENERGETICA DE MINAS GERAIS - CEMIG,CMIG4,2023-09-30,20.26,13.13,,0.7554746831949316,3.62,21.0
Energia Elétrica,ENGIE BRASIL ENERGIA S.A.,EGIE3,2023-09-30,36.91,34.48,,1.7047615684025907,8.15,44.0
Energia Elétrica,RIO PARANAPANEMA ENERGIA S.A.,GEPA3,2023-09-30,11.07,17.68,,0.3165337761799279,5.62,47.0
Extração Mineral,VALE S.A.,VALE3,2023-09-30,28.26,26.88,,0.45447209023974466,4.13,22.0
Farmacêutico e Higiene,BLAU FARMACÊUTICA S.A.,BLAU3,2023-09-30,20.09,27.28,,0.18266648764769067,6.06,25.0
Farmacêutico e Higiene,HYPERA S.A.,HYPE3,2023-09-30,17.52,23.35,,2.1041923445631334,9.51,53.0
Metalurgia e Siderurgia,SCHULZ S.A.,SHUL4,2023-09-30,24.33,15.36,,-0.041947037117429996,6.79,36.0
Metalurgia e Siderurgia,METISA METALURGICA TIMBOENSE S.A.,MTSA4,2023-09-30,18.9,14.01,,,4.23,
"Máquinas, Equipamentos, Veículos e Peças",MAHLE METAL LEVE S.A.,LEVE3,2023-09-30,54.7,18.22,,-0.013091845696436772,3.8,8.0
"Máquinas, Equipamentos, Veículos e Peças",METALURGICA RIOSULENSE S.A.,RSUL4,2023-09-30,34.4,16.87,,-0.45946016136292805,7.11,9.0
Petroquímicos e Borracha,UNIPAR CARBOCLORO S.A.,UNIP6,2023-09-30,26.91,13.96,,-0.13511592121460814,7.0,30.0
Petróleo e Gás,PETROLEO BRASILEIRO S.A. PETROBRAS,PETR4,2023-09-30,27.62,21.44,,0.42986608173631957,3.09,17.0
Petróleo e Gás,PRIO S.A.,PRIO3,2023-09-30,50.5,40.26,,,5.88,
"Saneamento, Serv. Água e Gás",CIA SANEAMENTO BASICO EST SAO PAULO,SBSP3,2023-09-30,11.44,13.11,,0.7972003718101532,10.87,56.0
Serviços Transporte e Logística,TEGMA GESTAO LOGISTICA S.A.,TGMA3,2023-09-30,27.44,13.19,,-0.20167065512712093,5.62,18.0
Serviços Transporte e Logística,"MILLS LOCAÇÃO, SERVIÇOS E LOGÍSTICA S.A.",MILS3,2023-09-30,19.16,19.18,,0.36092938496583143,7.2,34.0
Telecomunicações,DESKTOP S.A.,DESK3,2023-09-30,10.99,13.85,,0.7146225925941289,11.15,43.0
Têxtil e Vestuário,CAMBUCI S.A.,CAMB3,2023-09-30,38.94,18.21,,0.20847639829284728,3.92,7.0
Têxtil e Vestuário,VULCABRAS S.A.,VULC3,2023-09-30,25.7,17.45,,0.011710916286581361,6.94,28.0
Têxtil e Vestuário,GRENDENE S.A.,GRND3,2023-09-30,15.42,19.49,,-1.0667286120570751,6.79,55.0
Alimentos,BOA SAFRA SEMENTES S.A.,SOJA3,2023-12-31,23.43,16.59,,-0.5818736059479553,5.42,65.0
Bebidas e Fumo,AMBEV S.A.,ABEV3,2023-12-31,18.67,18.76,,-0.5121011726805131,12.11,53.0
Brinquedos e Lazer,SMARTFIT ESCOLA DE GINÁSTICA E DANÇA S.A.,SMFT3,2023-12-31,20.49,24.6,,0.5478831150962938,13.24,90.0
Comércio (Atacado e Varejo),TECHNOS S.A.,TECN3,2023-12-31,13.96,16.42,,-0.4408437872310603,3.39,36.0
Comércio (Atacado e Varejo),GRAZZIOTIN S.A.,CGRA3,2023-12-31,10.82,14.13,,-1.4757231450138637,3.91,58.0
Comércio (Atacado e Varejo),INTELBRAS S.A. IND. DE TELECOMUNICAÇÃO ELETRÔNICA BRASILEIRA,INTB3,2023-12-31,20.79,13.29,,-0.6306694529318225,11.02,64.0
"Construção Civil, Mat. Constr. e Decoração",PLANO & PLANO DESENVOLVIMENTO IMOBILIÁRIO S.A.,PLPL3,2023-12-31,42.86,13.36,,-0.11220161037083558,6.92,29.0
"Construção Civil, Mat. Constr. e Decoração",CONSTRUTORA METROCASA S.A.,TEND3,2023-12-31,116.3,23.94,,-0.41596846587639547,6.99,31.0
"Construção Civil, Mat. Constr. e Decoração",CURY CONSTRUTORA E INCORPORADORA S.A.,CURY3,2023-12-31,49.71,17.17,,-0.6228888647788506,9.06,37.0
Embalagens,IRANI PAPEL E EMBALAGEM S.A.,RANI3,2023-12-31,29.96,24.05,,1.5438895573771232,4.82,43.0
"Emp. Adm. Part. - Const. Civil, Mat. Const. e Decoração",LPS BRASIL - CONSULTORIA DE IMOVEIS S.A.,LPSB3,2023-12-31,17.15,19.37,,-1.124418161639252,7.37,28.0
"Emp. Adm. Part. - Const. Civil, Mat. Const. e Decoração",MULTIPLAN - EMPREEND IMOBILIARIOS S.A.,MULT3,2023-12-31,14.72,50.28,,1.3025128882840917,12.18,82.0
Emp. Adm. Part. - Energia Elétrica,CPFL ENERGIA S.A.,CPFE3,2023-12-31,27.69,13.93,,1.196616795801084,6.99,47.0
Emp. Adm. Part. - Intermediação Financeira,ITAÚSA S.A.,ITSA4,2023-12-31,16.06,189.33,,0.15173467376305932,5.88,60.0
Emp. Adm. Part. - Metalurgia e Siderurgia,KEPLER WEBER S.A.,KEPL3,2023-12-31,33.77,16.22,,-0.38769493499312496,5.57,16.0
Emp. Adm. Part. - Papel e Celulose,SUZANO HOLDING S.A.,SUZB3,2023-12-31,31.36,35.38,,2.8546367456748345,4.3,90.0
Emp. Adm. Part. - Petróleo e Gás,PETRORECÔNCAVO S.A.,RECV3,2023-12-31,15.69,25.19,,0.28297159369289143,7.01,74.0
Emp. Adm. Part. - Sem Setor Principal,CSU DIGITAL S.A.,CSUD3,2023-12-31,20.59,16.68,,-0.02904621453065866,6.96,36.0
Emp. Adm. Part. - Sem Setor Principal,SAO CARLOS EMPREEND E PARTICIPACOES S.A.,SCAR3,2023-12-31,17.53,21.69,,1.9565547781448218,3.46,38.0
Emp. Adm. Part. - Telecomunicações,UNIFIQUE TELECOMUNICAÇÕES S.A.,FIQE3,2023-12-31,13.22,16.43,,-0.11008345445001125,7.05,40.0
Energia Elétrica,CIA ENERGETICA DE MINAS GERAIS - CEMIG,CMIG4,2023-12-31,23.39,15.65,,0.8827869991786909,3.21,29.0
Energia Elétrica,REDE ENERGIA PARTICIPAÇÕES S.A.,REDE3,2023-12-31,38.49,14.24,,2.0368687481389167,6.32,49.0
Energia Elétrica,ENGIE BRASIL ENERGIA S.A.,EGIE3,2023-12-31,34.93,31.9,,2.038626233551333,8.54,55.0
Extração Mineral,CSN MINERAÇÃO S.A.,CMIN3,2023-12-31,33.36,18.9,,-0.22825359103700474,8.08,18.0
Extração Mineral,VALE S.A.,VALE3,2023-12-31,20.45,19.49,,0.6165913716923993,5.76,34.0
Farmacêutico e Higiene,BLAU FARMACÊUTICA S.A.,BLAU3,2023-12-31,12.4,18.03,,0.5463114798605606,7.78,71.0
Farmacêutico e Higiene,NATURA COSMÉTICOS S.A.,NATU3,2023-12-31,68.71,43.14,,-0.09242612081364886,7.87,72.0
Farmacêutico e Higiene,HYPERA S.A.,HYPE3,2023-12-31,14.33,20.85,,2.669287981704735,12.16,86.0
Metalurgia e Siderurgia,METISA METALURGICA TIMBOENSE S.A.,MTSA4,2023-12-31,19.66,15.24,,-1.4372696710522561,4.23,21.0
Metalurgia e Siderurgia,SCHULZ S.A.,SHUL4,2023-12-31,21.41,14.43,,-0.41511589322918085,6.73,35.0
Metalurgia e Siderurgia,CIA FERRO LIGAS DA BAHIA - FERBASA,FESA4,2023-12-31,12.0,15.72,,-1.0142453986564173,7.79,81.0
"Máquinas, Equipamentos, Veículos e Peças",METALURGICA RIOSULENSE S.A.,RSUL4,2023-12-31,28.62,15.85,,-0.6724023114433632,8.34,19.0
"Máquinas, Equipamentos, Veículos e Peças",MAHLE METAL LEVE S.A.,LEVE3,2023-12-31,81.93,17.23,,0.5379154485745462,4.93,22.0
"Máquinas, Equipamentos, Veículos e Peças",ROMI S.A.,ROMI3,2023-12-31,14.05,13.41,,2.053607033005388,6.06,89.0
Papel e Celulose,SUZANO S.A.,SUZB3,2023-12-31,31.48,35.48,,2.856600313699486,4.29,90.0
Papel e Celulose,KLABIN S.A.,KLBN4,2023-12-31,20.73,15.8,,2.514492909981469,7.11,94.0
Petroquímicos e Borracha,UNIPAR CARBOCLORO S.A.,UNIP6,2023-12-31,32.33,16.16,,-0.058220910431822426,6.8,29.0
Petróleo e Gás,PETROLEO BRASILEIRO S.A. PETROBRAS,PETR4,2023-12-31,32.74,24.45,,0.7166623146595524,3.22,21.0
Petróleo e Gás,PRIO S.A.,PRIO3,2023-12-31,37.32,43.51,,0.7837837837837838,6.82,35.0
"Saneamento, Serv. Água e Gás",CIA SANEAMENTO DE MINAS GERAIS-COPASA MG,CSMG3,2023-12-31,18.21,18.63,,1.065158780032195,4.77,62.0
"Saneamento, Serv. Água e Gás",CIA SANEAMENTO BASICO EST SAO PAULO,SBSP3,2023-12-31,11.8,13.78,,1.491714993578822,14.11,89.0
Seguradoras e Corretoras,WIZ CO PARTICIPAÇÕES E CORRETAGEM DE SEGUROS S.A.,WIZC3,2023-12-31,20.41,21.03,,0.1025644561822081,3.9,13.0
Serviços Transporte e Logística,"MILLS LOCAÇÃO, SERVIÇOS E LOGÍSTICA S.A.",MILS3,2023-12-31,19.03,20.19,,0.5765747288306307,8.75,57.0
Telecomunicações,BRISANET SERVIÇOS DE TELECOMUNICAÇÕES S.A.,BRST3,2023-12-31,11.18,14.02,,0.9309925512989564,6.4,77.0
Têxtil e Vestuário,CAMBUCI S.A.,CAMB3,2023-12-31,30.87,15.65,,-0.08442005985308787,5.28,14.0
Têxtil e Vestuário,VULCABRAS S.A.,VULC3,2023-12-31,24.8,17.56,,0.11965410766639635,7.83,51.0
Têxtil e Vestuário,GRENDENE S.A.,GRND3,2023-12-31,15.24,22.92,,-2.0697419104239274,7.2,101.0
"Agricultura (Açúcar, Álcool e Cana)",SAO MARTINHO S.A.,SMTO3,2024-03-31,21.51,21.42,,1.3929948432402437,5.82,27.0
Bebidas e Fumo,AMBEV S.A.,ABEV3,2024-03-31,17.42,18.76,4.03,-0.38781380793285697,11.06,47.0
Comunicação e Informática,MÉLIUZ S.A.,CASH3,2024-03-31,9.5,23.15,,-29.31336745315753,6.55,36.0
Comércio (Atacado e Varejo),INTELBRAS S.A. IND. DE TELECOMUNICAÇÃO ELETRÔNICA BRASILEIRA,INTB3,2024-03-31,22.99,14.82,22.78,-0.6179191910725832,10.59,45.0
"Construção Civil, Mat. Constr. e Decoração",CURY CONSTRUTORA E INCORPORADORA S.A.,CURY3,2024-03-31,53.2,18.4,27.92,-0.5488617672744027,7.72,25.0
"Construção Civil, Mat. Constr. e Decoração",DIRECIONAL ENGENHARIA S.A.,DIRR3,2024-03-31,29.76,25.24,43.21,0.19800821384018052,4.58,27.0
"Construção Civil, Mat. Constr. e Decoração",LAVVI EMPREENDIMENTOS IMOBILIÁRIOS S.A.,LAVV3,2024-03-31,19.68,25.28,51.17,-0.18306465015788598,4.46,31.0
"Emp. Adm. Part. - Const. Civil, Mat. Const. e Decoração",LPS BRASIL - CONSULTORIA DE IMOVEIS S.A.,LPSB3,2024-03-31,13.18,18.4,,-1.2710216181042586,9.18,36.0
"Emp. Adm. Part. - Const. Civil, Mat. Const. e Decoração",MELNICK DESENVOLVIMENTO IMOBILIÁRIO S.A.,MELK3,2024-03-31,12.39,17.29,19.86,-0.6525789131142207,3.08,43.0
"Emp. Adm. Part. - Const. Civil, Mat. Const. e Decoração",JHSF PARTICIPACOES S.A.,JHSF3,2024-03-31,10.64,48.78,21.4,2.522546163362556,4.2,55.0
Emp. Adm. Part. - Energia Elétrica,CPFL ENERGIA S.A.,CPFE3,2024-03-31,32.41,17.26,15.96,0.9721998425953335,4.85,26.0
Emp. Adm. Part. - Energia Elétrica,ENERGISA S.A.,ENGI11,2024-03-31,23.55,14.24,54.47,2.2942298135368024,3.73,40.0
Emp. Adm. Part. - Energia Elétrica,ALUPAR INVESTIMENTO S/A,ALUP11,2024-03-31,14.59,40.42,2.53,2.704492822889888,6.91,60.0
Emp. Adm. Part. - Intermediação Financeira,ITAÚSA S.A.,ITSA4,2024-03-31,16.35,178.46,7.09,0.230261564543473,5.9,42.0
Emp. Adm. Part. - Metalurgia e Siderurgia,KEPLER WEBER S.A.,KEPL3,2024-03-31,26.75,13.71,39.6,-0.26594278755768247,6.7,12.0
Emp. Adm. Part. - Petróleo e Gás,PETRORECÔNCAVO S.A.,RECV3,2024-03-31,9.46,14.77,,0.11055379735548744,10.67,52.0
Emp. Adm. Part. - Sem Setor Principal,CSU DIGITAL S.A.,CSUD3,2024-03-31,21.67,17.4,,0.02887633666781649,6.13,27.0
Emp. Adm. Part. - Telecomunicações,UNIFIQUE TELECOMUNICAÇÕES S.A.,FIQE3,2024-03-31,13.2,15.02,,-0.03177688421749144,7.1,34.0
Energia Elétrica,ENGIE BRASIL ENERGIA S.A.,EGIE3,2024-03-31,57.17,64.55,13.24,1.2609864089570724,4.38,14.0
Energia Elétrica,REDE ENERGIA PARTICIPAÇÕES S.A.,REDE3,2024-03-31,45.83,15.86,15.32,1.7453147022862738,5.49,29.0
Extração Mineral,CSN MINERAÇÃO S.A.,CMIN3,2024-03-31,18.47,15.89,4.32,-0.46349573932623955,9.49,32.0
Extração Mineral,VALE S.A.,VALE3,2024-03-31,17.11,19.89,,0.8323496864625599,6.84,43.0
Farmacêutico e Higiene,HYPERA S.A.,HYPE3,2024-03-31,13.27,21.29,2.72,2.8605541893024697,12.11,70.0
Metalurgia e Siderurgia,SCHULZ S.A.,SHUL4,2024-03-31,18.32,13.26,21.31,-0.534457171008067,7.47,43.0
"Máquinas, Equipamentos, Veículos e Peças",MAHLE METAL LEVE S.A.,LEVE3,2024-03-31,72.18,19.62,16.16,0.40376349575447773,4.14,7.0
"Máquinas, Equipamentos, Veículos e Peças",METALURGICA RIOSULENSE S.A.,RSUL4,2024-03-31,29.65,16.13,27.69,-0.6003411205292537,7.1,12.0
"Máquinas, Equipamentos, Veículos e Peças",MARCOPOLO S.A.,POMO4,2024-03-31,35.16,19.14,41.96,0.9164309945784851,4.65,38.0
Petróleo e Gás,PRIO S.A.,PRIO3,2024-03-31,27.16,32.67,65.0,0.7480908723174897,9.23,48.0
"Saneamento, Serv. Água e Gás",CIA SANEAMENTO DE MINAS GERAIS-COPASA MG,CSMG3,2024-03-31,18.14,18.88,11.79,1.0763227241653939,4.46,43.0
Seguradoras e Corretoras,WIZ CO PARTICIPAÇÕES E CORRETAGEM DE SEGUROS S.A.,WIZC3,2024-03-31,22.12,23.1,5.82,-0.03299735907130508,3.56,10.0
Serviços Transporte e Logística,"MILLS LOCAÇÃO, SERVIÇOS E LOGÍSTICA S.A.",MILS3,2024-03-31,17.88,19.17,,0.5029935405997578,9.16,52.0
Têxtil e Vestuário,CAMBUCI S.A.,CAMB3,2024-03-31,32.66,18.75,30.47,-0.21734703323150978,4.18,8.0
Têxtil e Vestuário,VULCABRAS S.A.,VULC3,2024-03-31,17.73,14.86,31.84,-0.30386867812336643,10.22,54.0
Têxtil e Vestuário,GRENDENE S.A.,GRND3,2024-03-31,15.23,25.9,8.24,-2.439628879832386,6.54,63.0
Comunicação e Informática,VALID SOLUÇÕES S.A.,VLID3,2024-06-30,18.95,15.37,47.85,0.10223867584567893,3.48,16.0
Comércio (Atacado e Varejo),TECHNOS S.A.,TECN3,2024-06-30,19.98,20.16,,-0.10791178929765886,3.62,27.0
Comércio (Atacado e Varejo),GRUPO SBF S.A.,SBFG3,2024-06-30,31.78,13.36,11.59,1.7362485238735907,3.45,53.0
"Construção Civil, Mat. Constr. e Decoração",PLANO & PLANO DESENVOLVIMENTO IMOBILIÁRIO S.A.,PLPL3,2024-06-30,55.01,14.9,,-0.0008264721780479588,5.16,16.0
"Construção Civil, Mat. Constr. e Decoração",CONSTRUTORA METROCASA S.A.,TEND3,2024-06-30,169.95,24.64,,-0.38660121419085564,7.41,24.0
"Construção Civil, Mat. Constr. e Decoração",DIRECIONAL ENGENHARIA S.A.,DIRR3,2024-06-30,27.87,20.13,43.21,0.0005210837565867672,5.43,24.0
Emp. Adm. Part. - Comércio (Atacado e Varejo),ALLOS S.A.,ALOS3,2024-06-30,9.36,54.3,70.33,-1.2228153482676773,6.98,29.0
"Emp. Adm. Part. - Const. Civil, Mat. Const. e Decoração",LPS BRASIL - CONSULTORIA DE IMOVEIS S.A.,LPSB3,2024-06-30,23.04,27.84,,-0.6841035945523555,3.99,11.0
"Emp. Adm. Part. - Const. Civil, Mat. Const. e Decoração",JHSF PARTICIPACOES S.A.,JHSF3,2024-06-30,12.08,42.26,21.4,2.6504404072653016,3.48,47.0
"Emp. Adm. Part. - Const. Civil, Mat. Const. e Decoração",MULTIPLAN - EMPREEND IMOBILIARIOS S.A.,MULT3,2024-06-30,15.73,52.21,23.37,1.1911003483881422,9.64,48.0
Emp. Adm. Part. - Energia Elétrica,TRANSMISSORA ALIANÇA DE ENERGIA ELÉTRICA S.A.,TAEE11,2024-06-30,22.99,47.41,11.07,,6.38,
Emp. Adm. Part. - Intermediação Financeira,ITAÚSA S.A.,ITSA4,2024-06-30,16.58,185.04,7.09,,6.03,
Emp. Adm. Part. - Petróleo e Gás,PETRORECÔNCAVO S.A.,RECV3,2024-06-30,12.42,16.48,,0.1423378499750916,8.8,39.0
Emp. Adm. Part. - Sem Setor Principal,CSU DIGITAL S.A.,CSUD3,2024-06-30,20.13,15.84,,0.02481047758458591,7.39,30.0
Emp. Adm. Part. - Telecomunicações,UNIFIQUE TELECOMUNICAÇÕES S.A.,FIQE3,2024-06-30,14.66,16.11,,0.030433366238894373,6.01,25.0
Energia Elétrica,CIA ENERGETICA DE MINAS GERAIS - CEMIG,CMIG4,2024-06-30,25.32,17.9,17.88,0.8053923027281508,3.53,26.0
Energia Elétrica,ENGIE BRASIL ENERGIA S.A.,EGIE3,2024-06-30,28.87,31.09,13.24,1.9325960491395857,9.43,43.0
Extração Mineral,VALE S.A.,VALE3,2024-06-30,27.35,28.19,,0.4168557960893855,3.8,11.0
Metalurgia e Siderurgia,SCHULZ S.A.,SHUL4,2024-06-30,19.21,13.59,21.31,-0.5146346951768348,7.2,16.0
"Máquinas, Equipamentos, Veículos e Peças",MAHLE METAL LEVE S.A.,LEVE3,2024-06-30,58.0,13.82,16.16,0.4212569964112606,6.66,5.0
Petróleo e Gás,PRIO S.A.,PRIO3,2024-06-30,31.97,30.9,65.0,0.44490281151742705,6.8,23.0
"Saneamento, Serv. Água e Gás",CIA SANEAMENTO DE MINAS GERAIS-COPASA MG,CSMG3,2024-06-30,17.04,16.56,11.79,0.8809369981611953,5.72,36.0
"Saneamento, Serv. Água e Gás",CIA SANEAMENTO BASICO EST SAO PAULO,SBSP3,2024-06-30,12.79,15.27,,1.215871656812152,13.93,39.0
Seguradoras e Corretoras,WIZ CO PARTICIPAÇÕES E CORRETAGEM DE SEGUROS S.A.,WIZC3,2024-06-30,22.27,22.57,5.82,0.10073365304569436,3.13,10.0
Têxtil e Vestuário,VULCABRAS S.A.,VULC3,2024-06-30,26.77,18.36,31.84,-0.06387913210273273,6.41,27.0
Têxtil e Vestuário,CAMBUCI S.A.,CAMB3,2024-06-30,33.75,20.65,30.47,,4.45,
"Agricultura (Açúcar, Álcool e Cana)",VITTIA S.A.,VITT3,2024-09-30,29.98,14.82,5.32,0.40916551127543344,4.01,12.0
"Agricultura (Açúcar, Álcool e Cana)",BRASILAGRO - CIA BRAS DE PROP AGRICOLAS,AGRO3,2024-09-30,17.17,22.36,,1.7760438446654239,5.43,59.0
Bancos,BCO MERCANTIL DO BRASIL S.A.,BMEB4,2024-09-30,311.61,13.65,,0.4168770526078816,5.94,72.0
Bebidas e Fumo,AMBEV S.A.,ABEV3,2024-09-30,14.43,16.14,4.03,,12.28,
Comunicação e Informática,VALID SOLUÇÕES S.A.,VLID3,2024-09-30,21.3,15.77,47.85,0.07546777546777547,4.33,20.0
Comunicação e Informática,TOTVS S.A.,TOTS3,2024-09-30,23.17,22.25,28.41,-0.2668773838112728,14.21,56.0
Comércio (Atacado e Varejo),OUROFINO S.A.,OFSA3,2024-09-30,22.83,14.72,23.75,0.27556840205100946,6.53,34.0
"Construção Civil, Mat. Constr. e Decoração",LAVVI EMPREENDIMENTOS IMOBILIÁRIOS S.A.,LAVV3,2024-09-30,22.54,23.35,51.17,-0.0830410256010963,3.47,17.0
"Construção Civil, Mat. Constr. e Decoração",CONSTRUTORA METROCASA S.A.,TEND3,2024-09-30,266.45,23.19,,-0.25714920294349364,7.58,30.0
"Construção Civil, Mat. Constr. e Decoração",MOURA DUBEUX ENGENHARIA S/A,MDNE3,2024-09-30,22.98,17.74,,0.17741846506906747,3.59,30.0
"Emp. Adm. Part. - Const. Civil, Mat. Const. e Decoração",LPS BRASIL - CONSULTORIA DE IMOVEIS S.A.,LPSB3,2024-09-30,14.87,15.85,,-0.5350376607571621,5.6,8.0
"Emp. Adm. Part. - Const. Civil, Mat. Const. e Decoração",JHSF PARTICIPACOES S.A.,JHSF3,2024-09-30,9.84,37.49,21.4,1.9851386777951139,4.64,48.0
"Emp. Adm. Part. - Const. Civil, Mat. Const. e Decoração",EZ TEC EMPREEND. E PARTICIPACOES S.A.,EZTC3,2024-09-30,11.99,31.11,8.1,0.15229264457260097,4.43,57.0
Emp. Adm. Part. - Energia Elétrica,ALUPAR INVESTIMENTO S/A,ALUP11,2024-09-30,21.86,69.5,2.53,,4.73,
Emp. Adm. Part. - Intermediação Financeira,ITAÚSA S.A.,ITSA4,2024-09-30,17.1,173.08,7.09,0.1737316146091555,5.94,42.0
Emp. Adm. Part. - Metalurgia e Siderurgia,KEPLER WEBER S.A.,KEPL3,2024-09-30,31.62,13.58,39.6,-0.15709583110660025,6.54,17.0
Emp. Adm. Part. - Petróleo e Gás,PETRORECÔNCAVO S.A.,RECV3,2024-09-30,13.89,18.68,,0.06794343557019866,6.2,40.0
Emp. Adm. Part. - Sem Setor Principal,CSU DIGITAL S.A.,CSUD3,2024-09-30,19.2,15.73,,-0.004396048495734171,6.94,34.0
Emp. Adm. Part. - Serviços Transporte e Logística,RUMO S.A.,RAIL3,2024-09-30,18.03,18.24,,0.5024440206731066,12.84,55.0
Emp. Adm. Part. - Telecomunicações,UNIFIQUE TELECOMUNICAÇÕES S.A.,FIQE3,2024-09-30,15.9,18.19,,0.04397812802125154,6.05,35.0
Energia Elétrica,CIA PARANAENSE DE ENERGIA - COPEL,CPLE3,2024-09-30,19.12,21.22,6.3,0.6068255586782454,4.72,57.0
Energia Elétrica,ENGIE BRASIL ENERGIA S.A.,EGIE3,2024-09-30,22.29,25.93,13.24,2.1815786071018732,12.0,59.0
Extração Mineral,VALE S.A.,VALE3,2024-09-30,24.54,25.05,,0.44726058059850543,4.36,25.0
Farmacêutico e Higiene,HYPERA S.A.,HYPE3,2024-09-30,12.13,19.34,2.72,2.5345322699270403,9.71,68.0
Metalurgia e Siderurgia,ELECTRO ACO ALTONA S.A.,EALT4,2024-09-30,28.53,13.26,31.61,0.5229980045552577,3.36,14.0
Metalurgia e Siderurgia,SCHULZ S.A.,SHUL4,2024-09-30,22.21,14.76,21.31,-0.38838759643960896,6.16,29.0
Metalurgia e Siderurgia,CIA FERRO LIGAS DA BAHIA - FERBASA,FESA4,2024-09-30,12.24,17.32,8.15,-0.6306239500839933,5.34,62.0
"Máquinas, Equipamentos, Veículos e Peças",MAHLE METAL LEVE S.A.,LEVE3,2024-09-30,51.65,13.29,16.16,0.3548430515478768,5.94,5.0
"Máquinas, Equipamentos, Veículos e Peças",METALURGICA RIOSULENSE S.A.,RSUL4,2024-09-30,26.96,15.12,27.69,-0.29266691326058814,5.69,15.0
"Máquinas, Equipamentos, Veículos e Peças",MARCOPOLO S.A.,POMO4,2024-09-30,34.25,14.5,41.96,,5.81,
Papel e Celulose,SUZANO S.A.,SUZB3,2024-09-30,31.13,26.38,,1.6690172278826492,5.41,62.0
"Saneamento, Serv. Água e Gás",CIA SANEAMENTO DE MINAS GERAIS-COPASA MG,CSMG3,2024-09-30,18.73,18.0,11.79,0.7739896236987636,5.38,53.0
Serviços Médicos,HOSPITAL MATER DEI S.A.,MATD3,2024-09-30,21.46,14.11,,0.7422868494811963,4.17,24.0
Serviços Transporte e Logística,TEGMA GESTAO LOGISTICA S.A.,TGMA3,2024-09-30,37.79,13.99,6.89,-0.1536828781310062,4.99,9.0
Serviços Transporte e Logística,"MILLS LOCAÇÃO, SERVIÇOS E LOGÍSTICA S.A.",MILS3,2024-09-30,19.32,16.87,,0.4950487172574829,7.13,37.0
Têxtil e Vestuário,VULCABRAS S.A.,VULC3,2024-09-30,33.6,21.94,31.84,-0.10715467528641703,5.63,26.0
Têxtil e Vestuário,GRENDENE S.A.,GRND3,2024-09-30,23.2,29.82,8.24,-1.3465328362076412,3.68,26.0
Têxtil e Vestuário,CAMBUCI S.A.,CAMB3,2024-09-30,29.17,16.61,30.47,,5.41,
Bebidas e Fumo,AMBEV S.A.,ABEV3,2024-12-31,14.91,16.6,4.03,-0.911963250405606,10.93,36.0
Comunicação e Informática,VALID SOLUÇÕES S.A.,VLID3,2024-12-31,20.84,17.48,47.85,-0.0281716055390573,4.27,13.0
Comércio (Atacado e Varejo),TECHNOS S.A.,TECN3,2024-12-31,15.8,16.2,,-0.16183087664856477,4.46,41.0
Comércio (Atacado e Varejo),OUROFINO S.A.,OFSA3,2024-12-31,17.76,13.11,23.75,0.5585239293588402,6.9,46.0
"Construção Civil, Mat. Constr. e Decoração",PLANO & PLANO DESENVOLVIMENTO IMOBILIÁRIO S.A.,PLPL3,2024-12-31,42.65,15.08,,-0.4558726443404153,4.47,9.0
"Construção Civil, Mat. Constr. e Decoração",LAVVI EMPREENDIMENTOS IMOBILIÁRIOS S.A.,LAVV3,2024-12-31,22.54,25.33,51.17,-0.21344888290893937,3.49,15.0
"Construção Civil, Mat. Constr. e Decoração",DIRECIONAL ENGENHARIA S.A.,DIRR3,2024-12-31,32.72,21.73,43.21,0.0118816181607433,5.64,23.0
Embalagens,IRANI PAPEL E EMBALAGEM S.A.,RANI3,2024-12-31,22.28,18.71,,2.1082413556574067,4.83,69.0
"Emp. Adm. Part. - Const. Civil, Mat. Const. e Decoração",LPS BRASIL - CONSULTORIA DE IMOVEIS S.A.,LPSB3,2024-12-31,15.45,17.95,,-1.1820657218887307,4.36,12.0
"Emp. Adm. Part. - Const. Civil, Mat. Const. e Decoração",MULTIPLAN - EMPREEND IMOBILIARIOS S.A.,MULT3,2024-12-31,23.75,52.7,23.37,2.2939591003638458,7.65,61.0
Emp. Adm. Part. - Energia Elétrica,CPFL ENERGIA S.A.,CPFE3,2024-12-31,26.44,13.52,15.96,1.2256491337179332,6.37,44.0
Emp. Adm. Part. - Energia Elétrica,ALUPAR INVESTIMENTO S/A,ALUP11,2024-12-31,15.86,46.47,2.53,2.9912055232674577,6.41,61.0
Emp. Adm. Part. - Intermediação Financeira,ITAÚSA S.A.,ITSA4,2024-12-31,15.67,180.78,7.09,0.20562877811911603,5.89,42.0
Emp. Adm. Part. - Petróleo e Gás,PETRORECÔNCAVO S.A.,RECV3,2024-12-31,10.33,13.4,,0.3559947310566809,9.06,40.0
Emp. Adm. Part. - Sem Setor Principal,CSU DIGITAL S.A.,CSUD3,2024-12-31,19.11,16.06,,-0.10767978108133064,6.17,23.0
Emp. Adm. Part. - Sem Setor Principal,TREVISA INVESTIMENTOS S.A.,LUXM4,2024-12-31,24.25,27.21,23.4,-0.14792460821685727,6.35,70.0
Emp. Adm. Part. - Telecomunicações,UNIFIQUE TELECOMUNICAÇÕES S.A.,FIQE3,2024-12-31,14.57,17.02,,0.1623610043331005,5.74,35.0
Energia Elétrica,CIA ENERGETICA DE MINAS GERAIS - CEMIG,CMIG4,2024-12-31,26.0,17.88,17.88,0.8891527611101925,3.64,22.0
Energia Elétrica,ENGIE BRASIL ENERGIA S.A.,EGIE3,2024-12-31,35.04,38.35,13.24,2.2491115280597893,6.57,44.0
Extração Mineral,CSN MINERAÇÃO S.A.,CMIN3,2024-12-31,44.09,27.45,4.32,-0.8187852570509258,5.8,14.0
Extração Mineral,VALE S.A.,VALE3,2024-12-31,14.24,14.77,,0.9031173594132029,6.71,35.0
Metalurgia e Siderurgia,SCHULZ S.A.,SHUL4,2024-12-31,17.91,13.11,21.31,-0.16460696976947345,7.43,44.0
"Máquinas, Equipamentos, Veículos e Peças",METALURGICA RIOSULENSE S.A.,RSUL4,2024-12-31,24.9,15.43,27.69,-0.4555650291860694,5.61,11.0
"Máquinas, Equipamentos, Veículos e Peças",MARCOPOLO S.A.,POMO4,2024-12-31,29.94,14.22,41.96,0.7121853548318816,6.38,32.0
Petróleo e Gás,PRIO S.A.,PRIO3,2024-12-31,39.74,71.73,65.0,1.9534738023447002,3.2,67.0
"Saneamento, Serv. Água e Gás",CIA SANEAMENTO BASICO EST SAO PAULO,SBSP3,2024-12-31,25.94,26.5,,0.9727226523874066,6.34,34.0
"Saneamento, Serv. Água e Gás",CIA SANEAMENTO DE MINAS GERAIS-COPASA MG,CSMG3,2024-12-31,16.36,16.72,11.79,1.5215557188325008,5.94,61.0
Serviços Transporte e Logística,"MILLS LOCAÇÃO, SERVIÇOS E LOGÍSTICA S.A.",MILS3,2024-12-31,19.69,18.1,,0.9673074340544416,6.18,49.0
Têxtil e Vestuário,CAMBUCI S.A.,CAMB3,2024-12-31,27.17,17.45,30.47,-0.3741673346416429,5.52,13.0
Têxtil e Vestuário,GRENDENE S.A.,GRND3,2024-12-31,18.19,27.97,8.24,-1.6745511617219813,4.95,33.0
Têxtil e Vestuário,VULCABRAS S.A.,VULC3,2024-12-31,27.0,18.69,31.84,0.04250647236467734,7.2,37.0
"Agricultura (Açúcar, Álcool e Cana)",SLC AGRICOLA S.A.,SLCE3,2025-03-31,40.1,18.02,2.04,1.2005533765016598,3.94,9.0
Bebidas e Fumo,AMBEV S.A.,ABEV3,2025-03-31,15.94,16.91,6.39,-0.575415487360722,14.13,33.0
Comunicação e Informática,VALID SOLUÇÕES S.A.,VLID3,2025-03-31,16.74,14.7,,-0.08311170212765957,6.11,15.0
"Construção Civil, Mat. Constr. e Decoração",CONSTRUTORA METROCASA S.A.,TEND3,2025-03-31,131.8,25.56,,0.39551878511235955,6.35,18.0
"Construção Civil, Mat. Constr. e Decoração",PLANO & PLANO DESENVOLVIMENTO IMOBILIÁRIO S.A.,PLPL3,2025-03-31,37.37,13.29,26.17,0.327372896316347,7.07,18.0
"Construção Civil, Mat. Constr. e Decoração",CURY CONSTRUTORA E INCORPORADORA S.A.,CURY3,2025-03-31,68.65,19.21,41.59,-0.22544346702415832,7.98,19.0
Embalagens,IRANI PAPEL E EMBALAGEM S.A.,RANI3,2025-03-31,16.62,13.87,21.15,1.7390374890026774,7.06,41.0
"Emp. Adm. Part. - Const. Civil, Mat. Const. e Decoração",MULTIPLAN - EMPREEND IMOBILIARIOS S.A.,MULT3,2025-03-31,16.29,44.53,3.43,2.6334002992305146,12.85,54.0
Emp. Adm. Part. - Energia Elétrica,CPFL ENERGIA S.A.,CPFE3,2025-03-31,27.65,15.16,9.15,0.6376907358974944,6.31,23.0
Emp. Adm. Part. - Intermediação Financeira,ITAÚSA S.A.,ITSA4,2025-03-31,17.49,207.83,17.64,0.20098760243748687,6.69,28.0
Emp. Adm. Part. - Petróleo e Gás,PETRORECÔNCAVO S.A.,RECV3,2025-03-31,20.39,26.43,,0.40377797132391335,3.53,24.0
Emp. Adm. Part. - Sem Setor Principal,CSU DIGITAL S.A.,CSUD3,2025-03-31,19.76,16.21,,-0.061735480274161286,6.18,17.0
Energia Elétrica,ENGIE BRASIL ENERGIA S.A.,EGIE3,2025-03-31,25.13,27.43,0.43,2.478465424877495,9.66,39.0
Farmacêutico e Higiene,BLAU FARMACÊUTICA S.A.,BLAU3,2025-03-31,16.58,24.31,3.13,0.13491945943349398,5.91,28.0
Metalurgia e Siderurgia,SCHULZ S.A.,SHUL4,2025-03-31,19.5,14.49,15.29,-0.1340916043107911,6.02,30.0
"Máquinas, Equipamentos, Veículos e Peças",METALURGICA RIOSULENSE S.A.,RSUL4,2025-03-31,23.98,14.89,,-0.4105809563758389,6.56,8.0
"Máquinas, Equipamentos, Veículos e Peças",MARCOPOLO S.A.,POMO4,2025-03-31,24.22,14.49,68.59,1.2801006248974092,6.99,52.0
Petróleo e Gás,PRIO S.A.,PRIO3,2025-03-31,31.16,46.67,37.81,1.704076197452724,3.27,57.0
"Saneamento, Serv. Água e Gás",CIA SANEAMENTO DE MINAS GERAIS-COPASA MG,CSMG3,2025-03-31,20.66,20.79,11.64,1.3844582089739936,4.47,34.0
"Saneamento, Serv. Água e Gás",CIA SANEAMENTO BASICO EST SAO PAULO,SBSP3,2025-03-31,15.44,17.59,,1.070598284780086,12.33,47.0
Serviços Transporte e Logística,"MILLS LOCAÇÃO, SERVIÇOS E LOGÍSTICA S.A.",MILS3,2025-03-31,18.24,16.48,,1.1447809851797393,7.38,32.0
Têxtil e Vestuário,CAMBUCI S.A.,CAMB3,2025-03-31,25.78,19.53,25.43,-0.48410287132526,4.64,7.0
Têxtil e Vestuário,TRACK & FIELD CO S.A.,TFCO4,2025-03-31,28.75,16.35,40.68,0.4094928247478508,12.33,31.0
Têxtil e Vestuário,VULCABRAS S.A.,VULC3,2025-03-31,19.23,15.13,105.82,0.024679815938684218,9.76,40.0
Comércio (Atacado e Varejo),TECHNOS S.A.,TECN3,2025-06-30,18.28,15.66,,0.26557348603158076,4.51,17.0
"Construção Civil, Mat. Constr. e Decoração",CURY CONSTRUTORA E INCORPORADORA S.A.,CURY3,2025-06-30,67.71,19.84,41.59,-0.17033797912534665,7.6,16.0
"Construção Civil, Mat. Constr. e Decoração",CONSTRUTORA TENDA S.A.,TEND3,2025-06-30,66.51,20.11,19.39,0.7009767116937722,3.11,21.0
"Construção Civil, Mat. Constr. e Decoração",CONSTRUTORA METROCASA S.A.,TEND3,2025-06-30,107.28,23.52,,0.43632751854407453,7.49,22.0
Educação,SER EDUCACIONAL S.A.,SEER3,2025-06-30,24.75,13.8,5.38,0.3553827657181033,3.0,10.0
"Emp. Adm. Part. - Const. Civil, Mat. Const. e Decoração",JHSF PARTICIPACOES S.A.,JHSF3,2025-06-30,15.33,49.54,23.94,2.285181184593339,3.27,27.0
"Emp. Adm. Part. - Const. Civil, Mat. Const. e Decoração",MELNICK DESENVOLVIMENTO IMOBILIÁRIO S.A.,MELK3,2025-06-30,16.48,14.84,21.29,0.05867996974809471,3.02,30.0
Emp. Adm. Part. - Intermediação Financeira,ITAÚSA S.A.,ITSA4,2025-06-30,17.41,192.98,17.64,0.1835923544122901,6.3,24.0
Emp. Adm. Part. - Petróleo e Gás,PETRORECÔNCAVO S.A.,RECV3,2025-06-30,21.46,29.53,,0.4074387756236382,3.74,36.0
Emp. Adm. Part. - Sem Setor Principal,CSU DIGITAL S.A.,CSUD3,2025-06-30,19.52,15.75,,,6.7,
Emp. Adm. Part. - Telecomunicações,UNIFIQUE TELECOMUNICAÇÕES S.A.,FIQE3,2025-06-30,14.28,15.79,32.87,0.21118947995464135,6.21,22.0
Energia Elétrica,CPFL GERACAO DE ENERGIA S.A.,CBEE3,2025-06-30,28.27,73.55,,-0.015291560098391882,6.09,17.0
Farmacêutico e Higiene,BLAU FARMACÊUTICA S.A.,BLAU3,2025-06-30,13.66,18.37,3.13,0.4163775394668737,6.67,13.0
Metalurgia e Siderurgia,SCHULZ S.A.,SHUL4,2025-06-30,19.55,13.74,15.29,-0.22624832054184382,5.44,22.0
"Máquinas, Equipamentos, Veículos e Peças",MARCOPOLO S.A.,POMO4,2025-06-30,30.39,13.93,68.59,,6.29,
Petroquímicos e Borracha,UNIPAR CARBOCLORO S.A.,UNIP6,2025-06-30,32.75,18.17,5.41,0.4432409099290899,5.62,19.0
Petróleo e Gás,ORIGEM ENERGIA S.A.,ISAE4,2025-06-30,70.32,53.89,,1.7668822523790073,13.7,42.0
"Saneamento, Serv. Água e Gás",CIA SANEAMENTO BASICO EST SAO PAULO,SBSP3,2025-06-30,21.13,23.83,,0.999282259273431,8.41,34.0
"Saneamento, Serv. Água e Gás",CIA SANEAMENTO DE MINAS GERAIS-COPASA MG,CSMG3,2025-06-30,17.05,17.77,11.64,,6.54,
Serviços Transporte e Logística,HIDROVIAS DO BRASIL S.A.,HBSA3,2025-06-30,14.7,13.01,,1.5677060474429263,14.87,35.0
Serviços Transporte e Logística,"MILLS LOCAÇÃO, SERVIÇOS E LOGÍSTICA S.A.",MILS3,2025-06-30,20.25,18.01,,,7.2,
Têxtil e Vestuário,CAMBUCI S.A.,CAMB3,2025-06-30,26.2,20.22,25.43,-0.5319625032229548,4.41,8.0
Têxtil e Vestuário,VULCABRAS S.A.,VULC3,2025-06-30,59.97,39.48,105.82,0.10917853123929742,3.34,10.0
Bebidas e Fumo,AMBEV S.A.,ABEV3,2025-09-30,20.98,23.33,6.39,-0.37442719263808755,9.73,27.0
Comércio (Atacado e Varejo),OUROFINO S.A.,OFSA3,2025-09-30,30.72,15.35,19.9,0.6655034597947984,5.08,15.0
Comércio (Atacado e Varejo),TECHNOS S.A.,TECN3,2025-09-30,17.19,17.44,,0.21344432066674918,4.8,36.0
Comércio (Atacado e Varejo),INTELBRAS S.A. IND. DE TELECOMUNICAÇÃO ELETRÔNICA BRASILEIRA,INTB3,2025-09-30,18.62,13.15,8.08,-0.2573536352120023,6.16,41.0
"Construção Civil, Mat. Constr. e Decoração",CONSTRUTORA METROCASA S.A.,TEND3,2025-09-30,83.93,21.69,,0.7177261715482002,9.25,7.0
"Construção Civil, Mat. Constr. e Decoração",CURY CONSTRUTORA E INCORPORADORA S.A.,CURY3,2025-09-30,68.99,19.99,41.59,-0.3140744988391821,8.51,23.0
"Construção Civil, Mat. Constr. e Decoração",LAVVI EMPREENDIMENTOS IMOBILIÁRIOS S.A.,LAVV3,2025-09-30,25.62,27.97,31.33,0.06113155705306043,5.44,24.0
Educação,VITRU EDUCAÇÃO S.A.,VTRU3,2025-09-30,13.86,17.89,,1.3210873575553983,4.3,40.0
"Emp. Adm. Part. - Const. Civil, Mat. Const. e Decoração",JHSF PARTICIPACOES S.A.,JHSF3,2025-09-30,18.13,58.92,23.94,1.7741229830214649,3.44,26.0
"Emp. Adm. Part. - Const. Civil, Mat. Const. e Decoração",EZ TEC EMPREEND. E PARTICIPACOES S.A.,EZTC3,2025-09-30,14.25,39.63,5.7,0.05962277763239506,5.17,42.0
Emp. Adm. Part. - Intermediação Financeira,ITAÚSA S.A.,ITSA4,2025-09-30,17.42,198.17,17.64,,7.02,
Emp. Adm. Part. - Sem Setor Principal,TREVISA INVESTIMENTOS S.A.,LUXM4,2025-09-30,17.04,16.63,22.07,-0.04098762798634812,4.92,20.0
Emp. Adm. Part. - Sem Setor Principal,CSU DIGITAL S.A.,CSUD3,2025-09-30,18.68,15.49,,,6.9,
Energia Elétrica,EMAE - EMPRESA METROP. DE AGUAS E ENERGIA S.A.,EMAE4,2025-09-30,74.16,186.36,,-0.4061196345175001,3.01,4.0
Energia Elétrica,ENGIE BRASIL ENERGIA S.A.,EGIE3,2025-09-30,21.93,22.08,0.43,2.3992541713284243,10.87,50.0
Farmacêutico e Higiene,BLAU FARMACÊUTICA S.A.,BLAU3,2025-09-30,18.08,22.21,3.13,0.41616301862136557,5.3,46.0
Metalurgia e Siderurgia,SCHULZ S.A.,SHUL4,2025-09-30,17.7,13.4,15.29,-0.28676212535972484,5.75,35.0
"Máquinas, Equipamentos, Veículos e Peças",METALURGICA RIOSULENSE S.A.,RSUL4,2025-09-30,29.48,16.96,,-0.35937723488857737,5.06,7.0
"Máquinas, Equipamentos, Veículos e Peças",MARCOPOLO S.A.,POMO4,2025-09-30,30.05,13.16,68.59,0.6363340073030147,5.95,24.0
Papel e Celulose,SUZANO S.A.,SUZB3,2025-09-30,17.34,16.14,,1.6888360536964395,7.54,60.0
"Saneamento, Serv. Água e Gás",CIA SANEAMENTO BASICO EST SAO PAULO,SBSP3,2025-09-30,20.22,22.9,,0.9145119299311516,10.13,48.0
"Saneamento, Serv. Água e Gás",CIA SANEAMENTO DE MINAS GERAIS-COPASA MG,CSMG3,2025-09-30,16.76,17.06,11.64,0.9056150059010545,9.64,55.0
Seguradoras e Corretoras,WIZ CO PARTICIPAÇÕES E CORRETAGEM DE SEGUROS S.A.,WIZC3,2025-09-30,31.2,28.9,13.0,0.08919824774650091,3.05,6.0
Serviços Transporte e Logística,ECORODOVIAS INFRAESTRUTURA E LOGÍSTICA S.A.,ECOR3,2025-09-30,38.59,14.41,,2.244899284954192,3.21,33.0
Serviços Transporte e Logística,HIDROVIAS DO BRASIL S.A.,HBSA3,2025-09-30,20.47,17.87,,1.233976796165722,11.43,38.0
Serviços Transporte e Logística,"MILLS LOCAÇÃO, SERVIÇOS E LOGÍSTICA S.A.",MILS3,2025-09-30,16.03,13.96,,0.6259239752028635,9.8,39.0
Têxtil e Vestuário,CAMBUCI S.A.,CAMB3,2025-09-30,21.96,16.16,25.43,-0.5243362831858407,5.46,13.0
Têxtil e Vestuário,ALPARGATAS S.A.,ALPA4,2025-09-30,15.93,15.35,34.95,-0.24856901354485958,9.0,36.0
Têxtil e Vestuário,GRENDENE S.A.,GRND3,2025-09-30,13.68,18.22,9.74,-1.6755488580981712,6.55,55.0
Bebidas e Fumo,AMBEV S.A.,ABEV3,2025-12-31,18.01,18.12,6.39,-0.5596672416701098,14.46,37.0
Comunicação e Informática,VALID SOLUÇÕES S.A.,VLID3,2025-12-31,15.61,13.03,,0.0472221021436428,6.42,30.0
Comércio (Atacado e Varejo),OUROFINO S.A.,OFSA3,2025-12-31,27.9,18.15,19.9,0.8689205910182691,5.87,24.0
Comércio (Atacado e Varejo),TECHNOS S.A.,TECN3,2025-12-31,16.33,14.94,,0.10053768424955965,6.28,32.0
"Construção Civil, Mat. Constr. e Decoração",SONDOTECNICA ENGENHARIA SOLOS S.A.,SOND5,2025-12-31,52.8,15.78,11.11,-0.682068756355592,3.96,2.0
"Construção Civil, Mat. Constr. e Decoração",MOURA DUBEUX ENGENHARIA S/A,MDNE3,2025-12-31,27.71,17.83,,0.7008066328912559,5.96,24.0
"Construção Civil, Mat. Constr. e Decoração",CURY CONSTRUTORA E INCORPORADORA S.A.,CURY3,2025-12-31,65.05,20.02,41.59,-0.24163638407073015,9.72,27.0
Embalagens,IRANI PAPEL E EMBALAGEM S.A.,RANI3,2025-12-31,16.67,14.35,21.15,1.6395099906675106,8.33,42.0
"Emp. Adm. Part. - Const. Civil, Mat. Const. e Decoração",JHSF PARTICIPACOES S.A.,JHSF3,2025-12-31,26.18,53.71,23.94,0.18200406784064782,3.29,10.0
"Emp. Adm. Part. - Const. Civil, Mat. Const. e Decoração",LPS BRASIL - CONSULTORIA DE IMOVEIS S.A.,LPSB3,2025-12-31,22.73,25.64,31.87,-1.025120080292494,4.43,14.0
"Emp. Adm. Part. - Const. Civil, Mat. Const. e Decoração",MULTIPLAN - EMPREEND IMOBILIARIOS S.A.,MULT3,2025-12-31,18.12,41.66,3.43,2.3301626474029526,14.02,57.0
Emp. Adm. Part. - Intermediação Financeira,ITAÚSA S.A.,ITSA4,2025-12-31,17.72,200.63,17.64,0.19808670873193568,9.16,45.0
Emp. Adm. Part. - Petróleo e Gás,PETRORECÔNCAVO S.A.,RECV3,2025-12-31,14.74,20.22,,0.8249714743430737,4.7,44.0
Emp. Adm. Part. - Sem Setor Principal,CSU DIGITAL S.A.,CSUD3,2025-12-31,22.8,17.01,,0.16252340125349324,7.44,35.0
Emp. Adm. Part. - Sem Setor Principal,TREVISA INVESTIMENTOS S.A.,LUXM4,2025-12-31,13.38,14.44,22.07,-0.2046279396647576,7.56,36.0
Emp. Adm. Part. - Telecomunicações,UNIFIQUE TELECOMUNICAÇÕES S.A.,FIQE3,2025-12-31,18.72,17.62,32.87,0.3842003593209028,9.93,38.0
Farmacêutico e Higiene,BLAU FARMACÊUTICA S.A.,BLAU3,2025-12-31,13.16,17.43,3.13,-0.03764039641340255,7.86,44.0
Metalurgia e Siderurgia,SCHULZ S.A.,SHUL4,2025-12-31,19.26,14.9,15.29,-0.40919631069329193,6.49,39.0
Metalurgia e Siderurgia,ELECTRO ACO ALTONA S.A.,EALT4,2025-12-31,25.59,16.37,29.25,0.9674543972920454,3.49,49.0
"Máquinas, Equipamentos, Veículos e Peças",METALURGICA RIOSULENSE S.A.,RSUL4,2025-12-31,23.52,15.33,,-0.5839642119752236,6.03,11.0
"Máquinas, Equipamentos, Veículos e Peças",MARCOPOLO S.A.,POMO4,2025-12-31,31.72,13.64,68.59,0.9764204154994619,6.4,31.0
Petróleo e Gás,PETROLEO BRASILEIRO S.A. PETROBRAS,PETR4,2025-12-31,26.49,22.23,77.68,1.0707273445453174,4.6,33.0
"Saneamento, Serv. Água e Gás",CIA SANEAMENTO BASICO EST SAO PAULO,SBSP3,2025-12-31,19.96,22.21,,1.4536766513304487,11.62,58.0
"Saneamento, Serv. Água e Gás",CIA SANEAMENTO DE MINAS GERAIS-COPASA MG,CSMG3,2025-12-31,16.5,17.0,11.64,1.8672441591044737,13.58,67.0
Seguradoras e Corretoras,WIZ CO PARTICIPAÇÕES E CORRETAGEM DE SEGUROS S.A.,WIZC3,2025-12-31,28.37,26.59,13.0,-0.022962577520151465,4.17,6.0
Serviços Transporte e Logística,"MILLS LOCAÇÃO, SERVIÇOS E LOGÍSTICA S.A.",MILS3,2025-12-31,19.09,16.39,,0.8526990624288433,10.57,40.0
Têxtil e Vestuário,CAMBUCI S.A.,CAMB3,2025-12-31,22.38,17.85,25.43,-0.7986818381170508,5.72,15.0
Têxtil e Vestuário,VULCABRAS S.A.,VULC3,2025-12-31,48.01,32.73,105.82,0.8733420558338035,4.86,43.0
Têxtil e Vestuário,GRENDENE S.A.,GRND3,2025-12-31,20.44,24.95,9.74,-2.322644149918267,6.8,56.0
